invoice_no,invoice_ref,amount,payment_method,balanced
E5313,,17165626.7,Due,False
E5316,,17168945.61,Due,True
E5317,,17169815.0,Due,True
E5318,,17206071.28,Advance,True
E5460,,17201786.64,Due,True
E5461,,17201787.42,Due,True
E5462,,17201787.81,Due,True
E5463,,17201789.56,Due,False
E5464,,17201803.6,Advance,True
E5465,,17201804.51,Advance,True
E5466,,17201805.81,Due,True
E5467,,17201806.1,Due,True
E5476,,17204374.53,Due,True
E5477,,17204375.43,Advance,True
E5479,,17205234.56,Due,True
E5480,,17205234.96,Due,True
E5481,,17205236.07,Advance,True
E5482,,17205237.66,Advance,True
E5483,,17205239.12,Advance,True
E5486,,17206267.37,Advance,True
E5487,,17206268.08,Due,True
E5488,,17206268.93,Due,True
E5489,,17206269.53,Due,True
E5490,,17206270.13,Due,True
E5495,,17207001.3,Due,True
E5497,,17207003.03,Due,True
E5498,,17207010.51,Due,True
E5511,,17210604.79,Advance,True
E5512,,17211259.32,Due,True
E5513,,17211260.63,Due,True
E5514,,17211263.44,Due,True
E5515,,17211267.08,Due,True
E5516,,17211272.27,Due,True
E5517,,17211279.34,Advance,True
E5518,,17211281.03,Due,True
E5519,,17211294.18,Advance,True
E5520,,17211301.63,Advance,True
E5529,,17213255.62,Due,True
E5530,,17213263.91,Advance,True
E5531,,17213264.37,Due,True
E5532,,17213267.82,Advance,True
E5533,,17213275.82,Due,True
E5534,,17213279.53,Due,True
E5536,,17213884.8,Due,True
E5537,,17213885.81,Advance,True
E5538,,17213893.11,Advance,True
E5539,,17213896.38,Due,True
E5540,,17213897.26,Due,True
E5543,,17217349.46,Advance,True
E5544,,17217352.59,Advance,True
E5545,,17217385.34,Advance,True
E5546,,17217415.08,Advance,True
E5547,,17217415.89,Due,True
E5555,,17222506.2,Advance,True
E5556,,17222508.17,Due,False
E5557,,17222524.52,Advance,True
E5558,,17222529.82,Advance,True
E5559,,17222535.13,Due,True
E5560,,17222538.6,Due,True
E5567,,17222659.65,Due,False
E5568,,17222666.12,Due,True
E5569,,17222673.41,Due,True
E5570,,17222677.25,Due,True
E5571,,17222687.6,Advance,True
E5572,,17222690.76,Advance,True
E5577,,17223404.88,Due,True
E5579,,17223531.29,Due,True
E5586,,17225921.13,Advance,True
E5587,,17225926.61,Advance,True
E5588,,17225929.79,Advance,True
E5589,,17225932.65,Due,True
E5590,,17225940.71,Due,True
E5591,,17225947.77,Advance,True
E5592,,17225955.33,Due,True
E5601,,17229539.3,Advance,True
E5604,,17232033.33,Due,True
E5605,,17232037.93,Advance,True
E5606,,17232043.72,Due,True
E5607,,17232044.25,Due,True
E5608,,17232045.39,Due,True
E5609,,17232050.4,Due,True
E5610,,17232051.95,Advance,True
E5611,,17232053.79,Due,True
E5612,,17265724.85,Due,True
E5613,,17232059.36,Due,True
E5618,,17234591.87,Due,True
E5619,,17234599.79,Advance,True
E5620,,17234606.86,Due,True
E5621,,17234607.46,Due,True
E5622,,17266995.87,Due,False
E5625,,17234619.57,Due,True
E5628,,17234624.68,Advance,True
E5629,,17234626.66,Advance,True
E5632,,17234711.83,Due,True
E5641,,17238135.71,Advance,True
E5642,,17238139.6,Due,True
E5644,,17238152.73,Due,True
E5645,,17238158.05,Due,True
E5650,,17241520.0,Advance,True
E5651,,17241532.94,Due,True
E5652,,17241538.32,Due,True
E5662,,17246730.85,Due,True
E5665,,17247611.11,Due,True
E5666,,17247630.17,Due,True
E5667,,17247641.65,Due,True
E5668,,17247649.19,Due,True
E5669,,17247655.66,Due,True
E5670,,17247672.73,Advance,True
E5671,,17247676.59,Due,True
E5672,,17247681.43,Due,True
E5674,,17247686.7,Due,True
E5679,,17249383.17,Due,True
E5680,,17249416.3,Advance,True
E5681,,17249421.87,Advance,True
E5682,,17249427.58,Due,True
E5683,,17250165.77,Advance,True
E5684,,17250173.37,Due,True
E5685,,17250209.93,Advance,True
E5697,,17253696.08,Due,True
E5701,,17253730.82,Due,True
E5702,,17255353.54,Due,True
E5703,,17255354.83,Due,True
E5704,,17255358.27,Due,True
E5705,,17255362.06,Due,True
E5710,,17255424.42,Advance,True
E5711,,17268693.06,Due,True
E5719,,17259742.62,Advance,True
E5720,,17259743.92,Due,True
E5721,,17259744.86,Due,True
E5722,,17271790.19,Due,True
E5723,,17259750.95,Due,True
E5724,,17259753.6,Due,True
E5725,,17259758.66,Due,True
E5729,,17261397.17,Due,True
E5730,,17261400.8,Advance,True
E5731,,17261402.36,Advance,True
E5732,,17261403.61,Due,True
E5734,,17261422.7,Advance,True
E5735,,17261434.2,Due,True
E5738,,17261443.36,Due,True
E5739,,17271838.91,Due,False
E5746,,17262203.54,Advance,True
E5747,,17262217.23,Advance,True
E5754,,17265787.74,Due,True
E5771,,17268348.47,Due,True
E5772,,17268351.64,Advance,True
E5773,,17268352.48,Due,False
E5774,,17268353.65,Due,True
E5776,,17268364.78,Advance,True
E5777,,17270971.33,Advance,True
E5778,,17507137.35,Due,False
E5779,,17270972.49,Advance,True
E5780,,17270973.22,Advance,True
E5781,,17270981.17,Advance,True
E5785,,17271866.54,Due,True
E5790,,17274323.61,Due,False
E5791,,17274349.14,Advance,True
E5792,,17274356.81,Due,True
E5793,,17274358.51,Advance,True
E5794,,17274360.19,Advance,True
E5795,,17274362.06,Advance,True
E5796,,17274365.08,Due,True
E5797,,17274367.74,Advance,True
E5798,,17274374.8,Advance,True
E5799,,17274378.11,Due,True
E5800,,17274380.23,Advance,True
E5801,,17274385.31,Advance,True
E5802,,17290773.36,Due,False
E5816,,17276974.23,Due,True
E5820,,17277838.66,Due,True
E5821,,17277839.8,Advance,True
E5822,,17277842.26,Due,True
E5826,,17278777.68,Advance,True
E5828,,17280392.4,Advance,True
E5829,,17280400.27,Due,True
E5830,,17280405.98,Advance,True
E5832,,17280414.24,Due,True
E5833,,17280425.65,Due,True
E5838,,17283890.42,Advance,True
E5840,,17283897.41,Advance,True
E5842,,17283947.53,Advance,True
E5843,,17283948.06,Due,True
E5844,,17283949.68,Advance,True
E5845,,17283962.33,Advance,True
E5846,,17283976.01,Due,True
E5847,,17283978.05,Due,True
E5848,,17283979.7,Due,True
E5849,,17283980.46,Due,True
E5850,,17283989.5,Due,True
E5853,,17284943.12,Advance,True
E5854,,17284945.2,Due,True
E5861,,17285723.09,Due,True
E5862,,17285730.2,Due,True
E5863,,17285735.18,Due,True
E5867,,17289052.42,Advance,True
E5868,,17289053.46,Advance,True
E5869,,17289055.18,Advance,True
E5870,,17289062.85,Advance,True
E5871,,17289063.8,Due,True
E5876,,17289139.23,Due,True
E5877,,17290038.12,Due,True
E5878,,17289920.64,Due,False
E5879,,17290778.49,Due,False
E5881,,17290757.63,Advance,True
E5891,,17292566.88,Due,True
E5897,,17295158.86,Due,True
E5898,,17295170.35,Due,True
E5899,,17295179.45,Advance,True
E5900,,17295183.28,Advance,True
E5901,,17295189.2,Due,True
E5902,,17295190.47,Due,True
E5903,,17295962.66,Due,True
E5909,,17297702.09,Advance,True
E5910,,17297706.5,Advance,True
E5911,,17297709.09,Advance,True
E5914,,17297725.6,Due,True
E5915,,17297744.37,Due,True
E5916,,17297754.17,Due,True
E5917,,17297756.68,Advance,True
E5919,,17297767.85,Due,True
E5920,,17297771.94,Due,True
E5921,,17297774.09,Advance,True
E5922,,17297775.65,Due,False
E5925,,17298078.06,Due,True
E5931,,17301177.91,Advance,True
E5934,,17301254.02,Advance,True
E5935,,17301513.8,Due,True
E5959,,17308025.36,Advance,True
E5961,,17308057.65,Due,True
E5962,,17308062.47,Advance,True
E5963,,17308064.73,Due,True
E5964,,17308067.46,Due,True
E5965,,17308070.79,Advance,True
E5966,,17308074.51,Advance,True
E5967,,17309153.83,Advance,True
E5968,,17309162.26,Due,True
E5969,,17309188.49,Due,True
E5970,,17309194.73,Due,True
E5979,,17309840.63,Advance,True
E5980,,17309857.26,Advance,True
E5981,,17309858.84,Due,True
E5982,,17309859.86,Due,True
E5983,,17309861.95,Due,True
E5984,,17309863.47,Advance,True
E5991,,17313207.18,Due,True
E5993,,17313246.43,Advance,True
E5994,,17313247.71,Due,True
E5995,,17313259.81,Due,True
E5996,,17313266.98,Advance,True
E6046,,17323601.89,Advance,True
E6052,,17326187.75,Due,True
E6053,,17326189.4,Advance,True
E6054,,17326191.31,Due,True
E6055,,17326193.83,Due,True
E6056,,17326198.29,Advance,True
E6057,,17326199.6,Due,True
E6058,,17326205.32,Due,True
E6059,,17326208.72,Due,True
E6060,,17326262.15,Due,True
E6061,,17326267.16,Due,True
E6062,,17326269.02,Advance,True
E6063,,17326271.28,Advance,True
E6064,,17326273.48,Due,True
E6073,,17327968.63,Due,True
E6074,,17327972.5,Due,True
E6075,,17327973.34,Due,True
E6077,,17327985.9,Due,True
E6078,,17328036.43,Due,True
E6079,,17328045.52,Due,True
E6080,,17328774.69,Due,True
E6081,,17328783.91,Advance,True
E6085,,17332237.44,Due,True
E6088,,17332241.78,Due,True
E6089,,17332247.18,Due,True
E6090,,17332251.19,Due,True
E6091,,17332257.03,Due,True
E6092,,17332258.87,Due,True
E6094,,17332268.08,Advance,True
E6095,,17332269.2,Advance,True
E6096,,17332274.02,Advance,True
E6097,,17332276.34,Due,True
E6098,,17332278.61,Due,True
E6104,,17333099.63,Advance,True
E6112,,17334907.22,Advance,True
E6115,,17334922.34,Due,True
E6116,,17334927.82,Due,True
E6117,,17334929.57,Advance,True
E6118,,17334930.65,Advance,True
E6119,,17334932.67,Due,True
E6120,,17334936.19,Advance,True
E6121,,17334945.34,Due,True
E6122,,17334947.23,Due,True
E6123,,17334950.42,Advance,True
E6124,,17334960.09,Due,True
E6129,,17337544.37,Advance,True
E6137,,17337605.7,Due,True
E6138,,17337608.49,Due,True
E6139,,17337612.63,Advance,True
E6140,,17338262.56,Advance,True
E6141,,17338286.08,Advance,True
E6142,,17338288.78,Advance,True
E6143,,17338289.73,Due,True
E6144,,17339247.64,Due,True
E6145,,17339250.72,Advance,True
E6156,,17339287.66,Due,True
E6160,,17340050.94,Due,True
E6161,,17340052.35,Due,True
E6162,,17340055.32,Due,True
E6172,,17341694.06,Advance,True
E6173,,17341700.76,Due,True
E6174,,17341704.72,Due,True
E6179,,17344684.73,Due,False
E6181,,17345281.29,Advance,True
E6183,,17345313.06,Advance,True
E6184,,17345315.5,Due,True
E6185,,17345319.97,Due,True
E6186,,17345327.13,Due,True
E6187,,17345322.63,Due,True
E6188,,17345326.54,Advance,True
E6189,,17345328.57,Advance,True
E6190,,17345332.25,Advance,True
E6191,,17345335.14,Advance,True
E6192,,17345337.49,Advance,True
E6208,,17346935.59,Due,True
E6209,,17346964.49,Due,True
E6213,,17347008.31,Advance,True
E6214,,17347012.78,Due,True
E6221,,17349504.83,Due,True
E6222,,17349510.55,Advance,True
E6223,,17349514.7,Due,True
E6224,,17349527.56,Due,True
E6229,,17349662.02,Due,True
E6230,,17349665.21,Due,True
E6231,,17349669.1,Due,True
E6232,,17352969.29,Advance,True
E6233,,17352971.45,Due,True
E6234,,17353081.58,Due,True
E6235,,17353084.1,Due,True
E6236,,17353084.81,Due,True
E6237,,17353086.74,Due,True
E6248,,17367778.69,Due,True
E6250,,17369410.17,Advance,True
E6251,,17369411.45,Due,True
E6252,,17369411.93,Due,True
E6253,,17369439.61,Due,True
E6254,,17369449.74,Due,True
E6255,,17369458.79,Advance,True
E6256,,17369459.99,Advance,True
E6257,,17369461.35,Advance,True
E6258,,17369461.82,Due,True
E6260,,17369463.92,Advance,True
E6261,,17369469.39,Advance,True
E6262,,17369470.27,Advance,True
E6264,,17370257.0,Due,True
E6265,,17370291.5,Due,True
E6266,,17370416.02,Due,True
E6267,,17370419.53,Advance,True
E6268,,17370421.59,Advance,True
E6274,,17371118.82,Due,True
E6275,,17371124.26,Due,True
E6276,,17371126.17,Due,True
E6277,,17371127.18,Due,True
E6278,,17383331.77,Due,True
E6286,,17428249.22,Due,False
E6288,,17374625.12,Due,True
E6291,,17374630.51,Advance,True
E6292,,17374655.32,Due,True
E6294,,17377125.74,Due,True
E6296,,17377140.39,Due,True
E6297,,17377142.36,Advance,True
E6298,,17377144.07,Advance,True
E6299,,17377145.24,Due,True
E6300,,17377146.37,Due,False
E6301,,17377147.91,Advance,True
E6302,,17377152.33,Advance,True
E6303,,17377155.9,Advance,True
E6304,,17380581.42,Due,False
E6305,,17407493.56,Due,False
E6306,,17380584.93,Advance,True
E6307,,17380587.42,Due,False
E6308,,17380589.31,Advance,True
E6309,,17380594.92,Advance,True
E6310,,17380609.44,Advance,True
E6311,,17380610.88,Due,True
E6312,,17380612.37,Advance,True
E6313,,17385798.26,Due,True
E6319,,17380655.0,Due,True
E6331,,17383162.37,Due,True
E6332,,17383185.41,Due,False
E6333,,17383187.18,Advance,True
E6334,,17383188.87,Due,False
E6335,,17383194.67,Due,True
E6336,,17383227.9,Due,True
E6337,,17383230.32,Due,False
E6338,,17383233.91,Due,True
E6339,,17383235.17,Due,True
E6340,,17383236.74,Due,True
E6345,,17386751.28,Advance,True
E6346,,17386758.02,Due,True
E6347,,17386760.03,Advance,True
E6348,,17386762.36,Due,True
E6349,,17386767.91,Due,True
E6364,,17389278.89,Due,True
E6366,,17389287.11,Advance,True
E6369,,17394400.72,Due,True
E6371,,17391881.26,Due,True
E6382,,17394407.62,Advance,True
E6386,,17394471.17,Due,True
E6387,,17394487.8,Due,True
E6388,,17394489.98,Advance,True
E6394,,17394553.06,Due,False
E6396,,17407493.79,Due,False
E6397,,17407493.9,Due,False
E6398,,17394564.85,Due,True
E6400,,17398054.55,Due,True
E6401,,17398055.97,Advance,True
E6402,,17398060.29,Due,True
E6403,,17398062.15,Advance,True
E6404,,17398726.21,Due,True
E6413,,17400508.76,Due,True
E6414,,17400515.04,Due,True
E6415,,17400517.02,Advance,True
E6416,,17400523.87,Advance,True
E6417,,17400568.68,Due,True
E6418,,17400576.07,Due,False
E6419,,17400586.05,Advance,True
E6420,,17400589.1,Due,False
E6421,,17400591.21,Due,True
E6427,,17401352.41,Advance,True
E6432,,17407479.89,Advance,True
E6433,,17407481.85,Due,True
E6434,,17407491.14,Due,False
E6438,,17407535.16,Advance,True
E6441,,17411718.86,Advance,True
E6442,,17411725.68,Advance,True
E6443,,17411736.03,Advance,True
E6444,,17411739.54,Advance,True
E6445,,17411741.17,Due,True
E6446,,17411743.59,Due,False
E6447,,17411744.67,Due,True
E6448,,17411747.14,Advance,True
E6461,,17413493.54,Due,True
E6462,,17413496.5,Advance,True
E6464,,17413503.82,Due,True
E6465,,17413506.23,Due,True
E6466,,17413515.87,Due,True
E6467,,17413516.65,Due,True
E6479,,17416884.4,Due,True
E6480,,17416888.94,Due,True
E6481,,17416895.83,Due,True
E6484,,17416899.02,Due,True
E6490,,17419556.54,Due,True
E6491,,17419558.87,Due,True
E6492,,17419559.81,Due,True
E6493,,17419561.85,Due,True
E6494,,17419563.67,Due,True
E6495,,17419569.73,Due,True
E6496,,17419574.26,Due,True
E6497,,17419577.96,Due,True
E6500,,17422920.82,Advance,True
E6501,,17423056.28,Advance,True
E6502,,17422931.16,Due,False
E6503,,17422933.45,Due,True
E6504,,17422937.95,Due,True
E6505,,17422942.05,Due,True
E6507,,17422972.0,Advance,True
E6508,,17422977.4,Advance,True
E6509,,17422987.71,Due,True
E6517,,17424702.35,Due,True
E6518,,17424709.18,Advance,True
E6519,,17424713.92,Advance,True
E6520,,17425588.29,Due,True
E6521,,17425598.86,Due,True
E6522,,17425604.49,Advance,True
E6523,,17425612.84,Advance,True
E6525,,17428123.01,Advance,True
E6526,,17428128.03,Due,True
E6527,,17428132.86,Due,True
E6528,,17428140.35,Advance,True
E6530,,17428159.25,Due,True
E6531,,17428160.64,Advance,True
E6539,,17428209.0,Due,False
E6540,,17428209.22,Due,False
E6541,,17428949.66,Due,True
E6542,,17428955.91,Due,True
E6545,,17430760.72,Due,True
E6546,,17430763.64,Due,True
E6547,,17430766.16,Due,True
E6548,,17430769.69,Due,True
E6549,,17430772.43,Due,True
E6550,,17430775.86,Advance,True
E6551,,17430780.51,Due,True
E6554,,17430827.47,Due,True
E6555,,17430830.61,Advance,True
E6556,,17430830.96,Due,True
E6557,,17430835.8,Advance,True
E6560,,17434203.53,Due,True
E6566,,17434233.03,Advance,True
E6567,,17434237.26,Advance,True
E6568,,17434239.24,Due,True
E6569,,17434245.05,Due,False
E6572,,17435912.47,Due,True
E6573,,17435934.63,Due,False
E6574,,17435940.27,Advance,True
E6575,,17435944.17,Advance,True
E6576,,17435949.53,Advance,True
E6581,,17440319.19,Due,True
E6582,,17440319.92,Due,True
E6583,,17440321.07,Advance,True
E6593,,17441978.94,Advance,True
E6594,,17441983.68,Advance,True
E6595,,17441986.14,Due,True
E6596,,17441989.65,Advance,True
E6597,,17441990.87,Due,False
E6598,,17442001.69,Due,True
E6599,,17442002.75,Due,True
E6600,,17442005.01,Advance,True
E6617,,17446281.15,Due,True
E6621,,17447158.7,Due,True
E6622,,17447175.86,Due,True
E6623,,17447179.53,Due,True
E6624,,17447184.96,Advance,True
E6625,,17447188.61,Due,True
E6626,,17447201.67,Due,False
E6627,,17447205.53,Advance,True
E6628,,17447208.55,Due,True
E6629,,17447211.59,Due,True
E6630,,17447217.02,Due,True
E6638,,17448952.2,Due,True
E6639,,17448956.82,Advance,True
E6640,,17448975.57,Due,True
E6644,,17448989.36,Due,False
E6645,,17448990.48,Advance,True
E6646,,17448993.2,Due,True
E6647,,17449000.16,Due,True
E6648,,17449011.2,Due,True
E6650,,17449037.87,Due,True
E6656,,17453186.22,Advance,True
E6657,,17453187.92,Due,True
E6658,,17453189.46,Due,True
E6659,,17453190.15,Due,True
E6660,,17453198.34,Advance,True
E6661,,17453198.79,Due,True
E6662,,17453200.27,Advance,True
E6663,,17453208.78,Advance,True
E6678,,17455751.33,Due,True
E6679,,17455755.92,Due,True
E6680,,17455763.94,Due,True
E6681,,17455765.79,Due,True
E6682,,17455771.25,Advance,True
E6683,,17455773.75,Due,True
E6684,,17455776.54,Due,True
E6685,,17455778.99,Due,True
E6686,,17459231.16,Due,True
E6687,,17459233.75,Advance,True
E6688,,17459237.43,Advance,True
E6689,,17459242.38,Due,True
E6690,,17459244.34,Due,True
E6691,,17459252.95,Advance,True
E6692,,17459262.84,Advance,True
E6693,,17459282.84,Due,True
E6694,,17459284.99,Advance,True
E6703,,17461900.55,Due,False
E6704,,17461930.18,Due,False
E6705,,17461946.87,Due,False
E6706,,17461948.84,Due,False
E6707,,17461953.63,Due,False
E6709,,17462014.27,Due,False
E6720,,17465293.55,Due,False
E6721,,17465297.37,Due,False
E6722,,17465300.29,Due,False
E6723,,17465328.01,Advance,False
E6726,,17466156.13,Due,False
E6732,,17467962.75,Due,False
E6733,,17467968.44,Advance,False
E6734,,17467971.74,Due,False
E6735,,17467973.45,Due,False
E6736,,17471280.45,Advance,False
E6737,,17467990.25,Advance,False
E6738,,17467996.06,Advance,False
E6739,,17467998.96,Due,False
E6740,,17471338.0,Advance,False
E6741,,17471345.64,Due,False
E6742,,17471352.82,Due,False
E6743,,17471368.65,Advance,False
E6744,,17471371.49,Due,False
E6745,,17471373.52,Due,False
E6746,,17471374.5,Due,False
E6747,,17471375.37,Due,False
E6748,,17471383.63,Due,False
E6761,,17474152.49,Due,False
E6762,,17474165.95,Due,False
E6763,,17474172.21,Due,False
E6764,,17474174.19,Due,False
E6765,,17474175.91,Due,False
E6766,,17474179.42,Advance,False
E6767,,17474181.97,Due,False
E6768,,17474183.93,Due,False
E6769,,17474186.36,Due,False
E6776,,17477369.77,Due,False
E6777,,17477376.29,Due,False
E6778,,17477389.48,Advance,False
E6779,,17477391.5,Due,False
E6780,,17477396.4,Due,False
E6788,,17479098.95,Due,False
E6789,,17479106.48,Due,False
E6790,,17479107.6,Due,False
E6797,,17480011.81,Due,False
E6798,,17480014.97,Advance,False
E6803,,17480054.41,Advance,False
E6810,,17483476.5,Advance,False
E6811,,17483478.96,Advance,False
E6812,,17483480.78,Due,False
E6813,,17483483.26,Due,False
E6814,,17483484.26,Due,False
E6815,,17483485.75,Due,False
E6816,,17483492.22,Advance,False
E6817,,17483495.47,Advance,False
E6825,,17485210.94,Advance,False
E6826,,17485217.17,Due,False
E6827,,17485213.1,Advance,False
E6828,,17485220.29,Advance,False
E6829,,17486025.08,Advance,False
E6830,,17486029.29,Advance,False
E6832,,17486035.07,Due,False
E6833,,17486036.02,Due,False
E6834,,17486038.41,Due,False
E6835,,17486041.12,Due,False
E6836,,17486042.65,Due,False
E6837,,17486043.84,Due,False
E6838,,17486046.8,Advance,False
E6847,,17489472.44,Due,False
E6848,,17489473.6,Due,False
E6849,,17489475.47,Advance,False
E6850,,17489476.97,Due,False
E6851,,17489479.43,Due,False
E6852,,17489483.18,Advance,False
E6854,,17489499.69,Due,False
E6855,,17489501.74,Due,False
E6856,,17489591.64,Advance,False
E6857,,17489592.17,Due,False
E6858,,17489597.34,Advance,False
E6863,,17490442.65,Advance,False
E6881,,17492113.85,Due,False
E6882,,17492133.14,Advance,False
E6883,,17492130.84,Advance,False
E6884,,17492137.45,Advance,False
E6885,,17492140.82,Due,False
E6886,,17492153.36,Due,False
E6887,,17492155.69,Due,False
E6888,,17492157.83,Due,False
E6892,,17495558.25,Due,False
E6893,,17495567.16,Advance,False
E6894,,17495570.74,Advance,False
E6895,,17495576.16,Due,False
E6896,,17495578.71,Advance,False
E6897,,17495580.74,Due,False
E6906,,17498140.87,Due,False
E6907,,17498142.28,Due,False
E6908,,17498154.39,Due,False
E6909,,17498156.17,Advance,False
E6910,,17498160.78,Due,False
E6916,,17498214.99,Advance,False
E6917,,17498217.67,Due,False
E6922,,17501607.48,Due,False
E6923,,17501612.95,Due,False
E6924,,17501616.14,Advance,False
E6925,,17501618.96,Advance,False
E6926,,17501620.07,Advance,False
E6927,,17501621.4,Due,False
E6928,,17504216.76,Advance,False
E6929,,17501624.04,Due,False
E6930,,17501625.1,Due,False
E6931,,17501626.86,Due,False
E6934,,17504204.21,Due,False
E6936,,17504209.63,Advance,False
E6937,,17504213.66,Due,False
E6938,,17504218.39,Due,False
E6939,,17504219.23,Due,False
E6940,,17504220.31,Advance,False
E6941,,17504221.0,Due,False
E6942,,17504221.91,Advance,False
E6943,,17504386.56,Due,False
E6960,,17507634.3,Advance,False
E6961,,17507636.28,Due,False
E6962,,17507638.02,Due,False
E6963,,17507652.69,Due,False
E6964,,17507655.9,Advance,False
E6965,,17516243.79,Due,False
E6966,,17507659.85,Advance,False
E6967,,17507665.35,Due,False
E6983,,17510259.9,Due,False
E6984,,17510263.3,Advance,False
E6985,,17510266.13,Advance,False
E6986,,17510278.1,Advance,False
E6987,,17510279.54,Advance,False
E6988,,17510281.5,Due,False
E6989,,17510282.29,Due,False
E6990,,17510292.31,Due,False
E6993,,17514528.96,Advance,False
E6994,,17514549.39,Advance,False
E6995,,17514552.73,Due,False
E6996,,17514560.51,Advance,False
E6997,,17514564.07,Due,False
E7011,,17515461.97,Due,False
E7012,,17515462.25,Due,False
E7013,,17515462.7,Due,False
E7014,,17515463.04,Due,False
E7015,,17515464.03,Due,False
E7016,,17515464.31,Due,False
E7017,,17515464.7,Due,False
E7018,,17515464.92,Due,False
E7019,,17516265.84,Advance,False
E7020,,17516273.14,Due,False
E7021,,17516276.79,Advance,False
E7022,,17516277.82,Due,False
E7023,,17516278.56,Due,False
E7024,,17516280.68,Advance,False
E7034,,17516517.82,Due,False
E7035,,17516521.03,Due,False
E7041,,17519772.77,Advance,False
E7042,,17519775.08,Due,False
E7043,,17519774.93,Due,False
E7044,,17519796.96,Due,False
E7045,,17519800.16,Due,False
E7046,,17519811.13,Due,False
E7056,,17522388.96,Due,False
E7057,,17522390.55,Advance,False
E7058,,17522392.16,Due,False
E7059,,17522393.4,Due,False
E7061,,17522415.74,Due,False
E7062,,17522412.0,Advance,False
E7063,,17522415.12,Advance,False
E7064,,17522419.45,Due,False
E7065,,17522419.9,Due,False
E7066,,17522420.86,Advance,False
E7067,,17522423.04,Advance,False
E7073,,17525846.71,Advance,False
E7074,,17525849.43,Due,False
E7075,,17525854.45,Advance,False
E7076,,17525856.43,Advance,False
E7077,,17525860.35,Advance,False
E7078,,17525862.04,Due,False
E7079,,17525865.23,Due,False
E7080,,17525868.66,Due,False
E7102,,17528379.16,Due,False
E7103,,17528385.47,Advance,False
E7104,,17528390.05,Due,False
E7105,,17528392.14,Due,False
E7106,,17528393.44,Due,False
E7107,,17528396.3,Due,False
E7108,,17528401.87,Advance,False
E7109,,17528403.18,Due,False
E7110,,17528442.45,Due,False
E7118,,17531043.99,Due,False
E7119,,17531820.82,Due,False
E7120,,17531825.43,Due,False
E7121,,17531826.95,Due,False
E7122,,17531836.0,Due,False
E7123,,17531836.28,Due,False
E7124,,17531838.83,Advance,False
E7125,,17531840.41,Due,False
E7126,,17531847.06,Advance,False
E7127,,17531852.17,Advance,False
E7128,,17531853.75,Due,False
E7129,,17531859.08,Advance,False
E7130,,17531863.88,Advance,False
E7131,,17531869.15,Due,False
E7132,,17531883.74,Advance,False
E7140,,17533596.12,Due,False
E7141,,17533598.39,Due,False
E7149,,17534521.2,Advance,False
E7150,,17534525.82,Due,False
E7151,,17534531.0,Due,False
E7152,,17534532.3,Due,False
E7174,,17548465.08,Due,False
E7175,,17537225.87,Due,False
E7176,,17537227.07,Advance,False
E7177,,17537229.74,Due,False
E7179,,17540508.62,Due,False
E7180,,17540513.85,Due,False
E7181,,17540515.46,Due,False
E7182,,17540517.96,Due,False
E7183,,17540522.25,Due,False
E7184,,17540527.83,Advance,False
E7185,,17540530.67,Advance,False
E7193,,17543244.86,Due,False
E7195,,17543261.19,Advance,False
E7199,,17543273.82,Due,False
E7200,,17543276.79,Advance,False
E7201,,17543895.79,Advance,False
E7202,,17543527.32,Advance,False
E7203,,17543528.51,Due,False
E7204,,17543528.87,Due,False
E7206,,17543892.66,Advance,False
E7208,,17546133.84,Advance,False
E7209,,17546137.02,Advance,False
E7210,,17546138.36,Advance,False
E7211,,17546139.03,Due,False
E7212,,17546584.12,Due,False
E7215,,17546144.97,Due,False
E7220,,17546664.84,Advance,False
E7226,,17546581.08,Due,False
E7227,,17546581.58,Due,False
E7229,,17546658.58,Advance,False
E7230,,17546660.88,Due,False
E7231,,17546666.3,Advance,False
E7233,,17550942.53,Due,False
E7234,,17550944.3,Due,False
E7235,,17550979.8,Advance,False
E7236,,17550987.32,Due,False
E7237,,17550991.4,Due,False
E7238,,17550994.1,Due,False
E7239,,17550995.33,Due,False
E7242,,17555614.71,Due,False
E7243,,17556392.42,Due,False
E7246,,17555620.63,Due,True
E7247,,17555621.5,Due,False
E7248,,17555622.69,Due,False
E7250,,17555624.9,Advance,False
E7251,,17555625.99,Advance,False
E7252,,17555626.62,Due,False
E7259,,17576874.43,Due,False
E7260,,17556485.37,Advance,False
E7261,,17556492.15,Due,False
E7262,,17556514.61,Due,False
E7264,,17556925.67,Due,False
E7265,,17556928.33,Advance,False
E7266,,17556931.28,Advance,False
E7267,,17556931.97,Due,False
E7268,,17556937.21,Due,False
E7269,,17556949.34,Due,False
E7275,,17559385.46,Due,False
E7276,,17559386.73,Due,False
E7277,,17559387.82,Advance,False
E7280,,17559393.74,Advance,False
E7282,,17559397.38,Advance,False
E7283,,17559411.29,Advance,False
E7287,,17567952.52,Due,False
E7291,,17567962.35,Due,False
E7293,,17567965.01,Due,False
E7296,,17569661.25,Due,False
E7298,,17569669.07,Due,False
E7299,,17569675.58,Due,False
E7300,,17569682.12,Advance,False
E7301,,17569706.38,Due,False
E7302,,17569708.38,Due,False
E7304,,17569710.09,Due,False
E7305,,17569712.13,Due,False
E7306,,17569712.86,Due,False
E7307,,17569713.7,Due,False
E7320,,17572860.14,Advance,False
E7321,,17572861.1,Advance,False
E7322,,17572861.49,Due,False
E7323,,17572861.99,Due,False
E7324,,17572863.43,Due,False
E7325,,17572863.78,Due,False
E7326,,17572864.23,Due,False
E7327,,17572864.81,Due,False
E7328,,17572865.4,Due,False
E7329,,17572865.69,Due,False
E7330,,17572866.92,Advance,False
E7331,,17572867.72,Due,False
E7332,,17572868.35,Advance,False
E7333,,17572868.74,Due,False
E7334,,17572869.16,Due,False
E7335,,17572869.83,Due,False
E7336,,17572870.64,Due,False
E7338,,17574862.26,Due,False
E7339,,17574863.38,Advance,False
E7340,,17574864.17,Advance,False
E7341,,17574865.46,Due,False
E7342,,17574866.42,Advance,False
E7343,,17579437.78,Advance,False
E7344,,17574869.1,Due,False
E7345,,17574869.71,Due,False
E7346,,17574870.52,Advance,False
E7351,,17575452.25,Due,False
E7352,,17575452.91,Due,False
E7353,,17575453.72,Due,False
E7356,,17575910.6,Due,False
E7357,,17575912.08,Advance,False
E7358,,17575912.87,Due,False
E7360,,17576260.4,Due,False
E7361,,17576264.13,Advance,False
E7362,,17576273.6,Due,False
E7363,,17576275.94,Due,False
E7364,,17576277.15,Due,False
E7365,,17576277.57,Due,False
E7369,,17576731.56,Due,False
E7370,,17576734.39,Due,False
E7371,,17581038.86,Advance,False
E7372,,17581042.32,Due,False
E7374,,17581091.34,Due,False
E7375,,17581094.66,Due,False
E7376,,17581098.58,Due,False
E7377,,17581105.95,Advance,False
E7378,,17581134.84,Due,False
E7380,,17581172.12,Due,False
E7389,,17582155.17,Due,False
E7390,,17582376.8,Due,False
E7392,,17582379.51,Due,False
E7393,,17582380.24,Due,False
E7396,,17582383.86,Due,False
E7397,,17582385.08,Due,False
E7399,,17582386.71,Advance,False
E7400,,17582388.02,Due,False
E7402,,17586744.48,Advance,False
E7403,,17586752.41,Advance,False
E7404,,17586757.27,Advance,False
E7408,,17586766.01,Advance,False
E7409,,17586771.22,Advance,False
E7410,,17586772.82,Advance,False
E7411,,17586775.28,Advance,False
E7412,,17586775.87,Due,False
E7413,,17586777.63,Due,False
E7414,,17586778.92,Advance,False
E7415,,17586782.69,Due,False
E7416,,17586791.51,Advance,False
E7417,,17586793.6,Due,False
E7418,,17586797.5,Due,False
E7419,,17588525.92,Due,False
E7420,,17588527.11,Advance,False
E7421,,17588528.47,Due,False
E7422,,17588529.37,Due,False
E7424,,17588538.48,Due,False
E7425,,17588539.15,Due,False
E7426,,17588540.14,Advance,False
E7427,,17588541.04,Advance,False
E7428,,17588542.19,Advance,False
E7437,,17591874.16,Due,False
E7438,,17591882.22,Advance,False
E7443,,17591893.47,Due,False
E7444,,17591895.21,Advance,False
E7445,,17591895.97,Due,False
E7446,,17593956.07,Due,False
E7452,,17593982.92,Due,False
E7462,,17597544.34,Due,False
E7463,,17597547.23,Advance,False
E7464,,17597548.37,Due,False
E7465,,17597550.6,Due,False
E7466,,17597552.01,Due,False
E7467,,17597552.94,Due,False
E7468,,17597553.99,Due,False
E7469,,17597589.29,Due,False
E7471,,17598734.79,Due,True
E7472,,17598748.17,Due,True
E7473,,17598749.55,Due,False
E7474,,17598752.04,Advance,False
E7475,,17598753.57,Advance,False
E7480,,17600458.21,Due,False
E7481,,17600459.25,Advance,False
E7483,,17600468.06,Due,False
E7486,,17600483.68,Due,False
E7487,,17600495.41,Due,False
E7493,,17601138.37,Due,False
E7494,,17601140.66,Advance,False
E7495,,17601144.31,Advance,False
E7498,,17603941.02,Due,False
E7499,,17603941.72,Due,False
E7500,,17604766.49,Advance,False
E7501,,17604767.41,Due,False
E7502,,17604767.83,Due,False
E7503,,17604768.25,Due,False
E7504,,17604768.77,Due,False
E7505,,17604769.51,Due,False
E7506,,17604769.82,Due,False
E7509,,17606268.75,Advance,False
E7510,,17606272.83,Due,False
E7511,,17606273.17,Due,False
E7512,,17606273.51,Due,False
E7513,,17606273.8,Due,False
E7516,,17606276.34,Due,False
E7517,,17606304.27,Due,False
E7518,,17606323.01,Due,False
E7519,,17606325.21,Due,False
E7520,,17606325.66,Due,False
E7524,,17606339.0,Due,False
E7529,,17606931.32,Advance,False
E7534,,17611710.41,Due,False
E7535,,17611712.27,Advance,False
E7536,,17611714.57,Due,False
E7537,,17611727.18,Due,False
E7545,,17612510.36,Due,False
E7546,,17612579.05,Due,False
E7547,,17612579.65,Due,False
E7548,,17612580.82,Due,False
E7550,,17613796.34,Advance,False
E7556,,17616022.35,Advance,False
E7557,,17616025.9,Due,False
E7564,,17616042.8,Advance,False
E7565,,17616044.66,Due,False
E7566,,17616046.15,Due,False
E7567,,17616046.89,Due,False
E7574,,17616881.03,Due,True
E7579,,17622045.6,Due,False
E7580,,17622047.76,Due,True
E7581,,17622051.25,Due,False
E7582,,17622052.21,Due,False
E7583,,17622053.94,Due,False
E7584,,17622054.44,Due,False
E7585,,17622055.86,Advance,False
E7586,,17622057.04,Due,False
E7589,,17624097.04,Advance,False
E7590,,17624099.23,Advance,False
E7593,,17624103.19,Due,False
E7594,,17624398.21,Due,False
E7595,,17624105.2,Advance,False
E7596,,17624106.05,Due,False
E7600,,17624245.14,Due,False
E7601,,17624246.03,Due,False
E7602,,17624248.28,Due,True
E7603,,17624249.04,Due,True
E7604,,17624250.14,Advance,False
E7606,,17624263.98,Due,False
E7609,,17625382.3,Due,False
E7610,,17624697.11,Due,False
E7613,,17625358.39,Due,True
E7614,,17624731.55,Advance,False
E7615,,17624731.93,Due,False
E7625,,17625406.1,Due,False
E7626,,17625408.07,Due,False
E7630,,17627327.55,Advance,False
E7631,,17627329.38,Due,False
E7632,,17627329.74,Due,False
E7641,,17628136.7,Advance,False
E7642,,17628138.6,Advance,False
E7644,,17629006.55,Due,False
E7647,,17629010.9,Advance,False
E7651,,17633723.58,Due,True
E7652,,17633726.82,Advance,False
E7653,,17633730.63,Due,False
E7654,,17633731.5,Due,False
E7655,,17633732.44,Advance,False
E7656,,17633732.89,Due,False
E7666,,17636355.52,Due,False
E7671,,17637361.9,Due,False
E7672,,17637363.43,Due,False
E7673,,17637365.19,Advance,False
E7674,,17637368.16,Due,False
E7675,,17638113.13,Due,False
E7677,,17637380.84,Due,False
E7678,,17637382.63,Due,False
E7679,,17637398.06,Due,False
E7680,,17637399.88,Advance,False
E7684,,17638043.01,Due,False
E7685,,17638045.41,Advance,False
E7697,,17638130.38,Advance,False
E7702,,17640207.25,Due,False
E7703,,17640208.75,Due,False
E7704,,17640210.38,Due,False
E7705,,17640211.26,Due,False
E7707,,17640212.8,Due,False
E7708,,17640213.66,Advance,False
E7709,,17640213.94,Due,False
E7710,,17640214.49,Due,True
E7714,,17652371.75,Due,False
E7715,,17642785.07,Due,False
E7716,,17643282.38,Due,False
E7717,,17642786.36,Advance,False
E7718,,17642786.67,Due,False
E7719,,17642787.27,Due,False
E7720,,17642788.47,Due,False
E7721,,17642789.2,Due,False
E7724,,17642794.58,Advance,False
E7735,,17643512.14,Due,False
E7736,,17647121.11,Due,False
E7737,,17647136.36,Due,False
E7738,,17647137.57,Due,False
E7739,,17647140.47,Advance,False
E7740,,17647140.96,Due,False
E7741,,17647142.78,Advance,False
E7743,,17647153.85,Due,False
E7754,,17648890.84,Due,False
E7755,,17648906.62,Advance,False
E7756,,17648908.05,Due,True
E7757,,17648909.34,Due,True
E7758,,17648910.33,Due,False
E7759,,17648911.08,Due,False
E7769,,17652327.87,Advance,False
E7770,,17652331.61,Due,False
E7771,,17652343.86,Due,True
E7772,,17652344.22,Due,False
E7773,,17652344.66,Due,False
E7774,,17652346.02,Due,False
E7775,,17652347.69,Due,False
E7776,,17652349.87,Advance,False
E7777,,17652350.82,Due,False
E7778,,17652351.66,Due,False
E7785,,17653200.44,Due,False
E7786,,17653203.16,Due,False
E7787,,17655317.53,Due,False
E7788,,17655319.96,Due,False
E7789,,17655322.25,Due,False
E7791,,17655388.0,Advance,False
E7792,,17655399.48,Due,False
E7793,,17655403.05,Advance,False
E7794,,17655466.31,Due,False
E7804,,17658408.84,Due,False
E7805,,17658411.75,Due,False
E7806,,17658412.65,Due,False
E7807,,17658414.73,Advance,False
E7808,,17658415.51,Due,False
E7809,,17658416.43,Due,False
E7810,,17658419.19,Advance,False
E7811,,17658422.45,Advance,False
E7812,,17658423.77,Due,False
E7818,,17658431.36,Advance,False
E7819,,17658431.99,Due,False
E7821,,17658941.87,Advance,False
E7833,,17660111.85,Due,False
E7834,,17660112.19,Due,False
E7835,,17660112.97,Advance,False
E7836,,17660124.37,Advance,False
E7837,,17660125.72,Due,False
E7838,,17660127.94,Due,False
E7839,,17660135.4,Due,False
E7846,,17661026.76,Due,False
E7847,,17664055.01,Due,False
E7852,,17664132.63,Due,True
E7854,,17664326.38,Due,False
E7855,,17664329.93,Advance,False
E7859,,17665340.54,Due,False
E7860,,17665341.02,Due,False
E7867,,17667485.71,Due,False
E7872,,17667527.87,Due,False
E7889,,17685193.28,Due,False
E7891,,17685206.83,Due,False
E7892,,17685208.28,Advance,False
E7893,,17685212.11,Advance,False
E7894,,17685214.08,Due,False
E7898,,17688690.48,Due,False
E7902,,17689779.39,Due,False
E7903,,17688716.99,Due,False
E7904,,17688720.53,Due,False
E7905,,17688727.9,Due,False
E7906,,17688730.79,Advance,False
E7907,,17688731.17,Due,False
E7908,,17688734.66,Advance,False
E7909,,17688737.61,Due,False
E7910,,17688738.49,Due,False
E7911,,17688743.43,Advance,False
E7916,,17689786.78,Advance,False
E7917,,17689788.76,Due,False
E7918,,17689789.93,Due,False
E7919,,17691728.35,Due,False
E7920,,17691802.99,Due,False
E7921,,17691833.16,Advance,False
E7922,,17691836.3,Advance,False
E7923,,17691837.78,Due,False
E7936,,17694671.95,Due,False
E7937,,17694674.95,Due,False
E7938,,17694681.74,Advance,False
E7939,,17694683.01,Due,False
E7940,,17694683.79,Due,False
E7941,,17694687.35,Advance,False
E7942,,17694691.87,Due,False
E7943,,17694693.15,Due,False
E7949,,17697682.53,Due,False
E7950,,17709881.58,Due,False
E7951,,17697684.14,Due,False
E7952,,17697685.06,Due,False
E7953,,17697685.46,Due,False
E7956,,17701315.09,Due,False
E7957,,17701322.1,Due,False
E7958,,17706826.86,Due,False
E7960,,17701332.05,Due,False
E7961,,17701333.75,Due,False
E7967,,17701469.49,Due,False
E7970,,17701552.87,Advance,False
E7978,,17703054.63,Advance,False
E7980,,17706826.61,Due,False
E7981,,17703059.37,Advance,False
E7982,,17703061.13,Advance,False
E7983,,17703061.97,Due,True
E7984,,17703631.78,Advance,True
E7985,,17703633.23,Due,False
E7986,,17703634.11,Due,False
E7994,,17706819.92,Due,False
E7995,,17706820.82,Due,False
E7998,,17706827.65,Due,False
E7999,,17706828.0,Due,False
E8001,,17707650.9,Due,False
E8007,,17709882.83,Due,False
E8008,,17709884.24,Advance,False
E8009,,17709885.04,Due,False
E8010,,17709885.66,Due,False
E8012,,17709894.36,Due,False
E8015,,17709933.27,Due,False
E8017,,17709943.31,Due,False
E8021,,17712064.82,Due,False
E8032,,17715403.09,Advance,False
E8033,,17715404.36,Due,False
E8034,,17715404.84,Due,False
E8035,,17715406.21,Advance,False
E8036,,17715407.01,Due,True
E8037,,17715407.77,Due,False
E8038,,17715408.4,Due,False
E8039,,17715410.07,Due,False
E8040,,17715411.1,Advance,False
E8041,,17718470.78,Advance,False
E8042,,17720165.71,Due,False
E8043,,17720170.07,Due,False
E8044,,17720227.22,Due,False
E8045,,17720209.76,Due,False
E8052,,17724511.06,Advance,False
E8059,,17724580.7,Due,False
E8060,,17724594.69,Due,False
E8061,,17724603.83,Advance,False
E8062,,17724608.85,Due,False
E8063,,17724670.14,Due,False
E8064,,17724673.81,Due,False
E8067,,17724716.72,Due,False
E8068,,17724720.95,Advance,False
E8076,,17726248.97,Due,False
E8082,,17726328.11,Advance,False
E8083,,17727122.26,Advance,False
E8084,,17727132.54,Due,False
E8085,,17727145.15,Due,False
E8086,,17727996.18,Due,False
E8107,,17734009.22,Due,False
E8109,,17734016.92,Due,False
E8134,,17742640.52,Due,False
E8152,,17746204.87,Advance,False
E8159,,17748881.77,Due,False
E8179,,17755636.63,Advance,False
E8180,,17755643.98,Due,False
E8191,,17758213.81,Advance,False
E8192,,17758218.82,Advance,False
E8194,,17758266.96,Due,True
E8195,,17758271.53,Due,False
E8199,,17760817.37,Advance,False
E8200,,17760822.54,Advance,False
E8201,,17760824.5,Advance,False
E8202,,17760856.12,Advance,False
E8203,,17760878.61,Due,False
E8208,,17761632.6,Advance,False
E8212,,17762479.11,Advance,False
E8213,,17762499.24,Advance,False
E8216,,17762530.09,Due,False
E8217,,17775453.67,Advance,False
E8218,,17762548.57,Advance,False
E8219,,17762564.39,Advance,False
E8220,,17762565.9,Advance,False
E8221,,17762567.77,Advance,False
E8222,,17762571.56,Advance,False
E8224,,17763395.35,Advance,False
E8226,,17764288.34,Advance,False
E8227,,17764290.85,Advance,False
E8228,,17764309.27,Advance,False
E8229,,17764311.38,Due,False
E8230,,17764317.15,Due,False
E8231,,17764344.21,Due,False
E8232,,17764353.43,Advance,False
E8233,,17764355.7,Due,False
E8241,,17767768.06,Advance,False
E8242,,17767781.66,Advance,False
E8243,,17767784.23,Due,False
E8244,,17767786.09,Advance,False
E8246,,17767790.38,Due,False
E8249,,17768566.14,Due,False
E8250,,17768589.92,Advance,False
E8251,,17768577.65,Advance,False
E8254,,17769413.9,Advance,False
E8255,,17769426.42,Advance,False
E8256,,17769455.14,Advance,False
E8257,,17769442.9,Advance,False
E8258,,17769490.06,Advance,False
E8259,,17769493.04,Due,False
E8260,,17769493.59,Due,False
E8264,,17770393.86,Advance,False
E8269,,17773741.49,Due,True
E8273,,17774625.25,Advance,False
E8274,,17774632.21,Due,False
E8275,,17774638.88,Due,False
E8276,,17774639.87,Due,False
E8277,,17774642.27,Due,False
E8278,,17774647.28,Due,False
E8282,,17774717.04,Due,False
E8283,,17774736.48,Advance,False
E8284,,17775528.37,Advance,False
E8286,,17774745.85,Advance,False
E8292,,17775497.72,Due,False
E8302,,17779868.36,Advance,False
E8303,,17779872.52,Due,False
E8304,,17779875.08,Due,False
E8305,,17779881.69,Advance,False
E8306,,17779886.26,Due,False
E8307,,17779887.61,Due,False
E8310,,17779904.67,Advance,False
E8311,,17780803.46,Advance,False
E8313,,17780703.91,Advance,False
E8314,,17780714.89,Due,False
E8315,,17780769.3,Due,False
E8319,,17782334.02,Due,False
E8320,,17782341.88,Advance,False
E8321,,17782343.28,Advance,False
E8322,,17782345.82,Due,False
E8323,,17782348.57,Advance,False
E8325,,17782447.93,Advance,False
E8326,,17782452.55,Due,False
E8327,,17782456.64,Due,False
E8328,,17782466.28,Advance,False
E8329,,17782491.09,Advance,False
E8333,,17785871.46,Advance,False
E8336,,17786661.63,Due,False
E8337,,17786678.04,Due,True
E8339,,17786676.12,Due,False
E8340,,17786681.25,Advance,False
E8341,,17786690.14,Advance,False
E8343,,17786702.92,Due,False
X5228,,17150795.8,Due,False
X5259,,17156067.66,Due,True
X5305,,17168955.32,Due,True
X5315,,17168945.0,Due,True
X5319,,17168955.06,Due,True
X5321,,17168977.79,Due,True
X5322,,17169816.29,Advance,True
X5323,,17169816.97,Advance,True
X5324,,17169822.03,Due,True
X5325,,17169824.25,Advance,True
X5326,,17169825.43,Due,True
X5327,,17169831.31,Due,True
X5328,,17169846.92,Due,True
X5329,,17169853.51,Due,True
X5330,,17171515.53,Due,True
X5331,,17171520.77,Advance,True
X5338,,17171539.7,Due,True
X5339,,17171556.37,Due,True
X5340,,17171664.99,Due,False
X5341,,17175001.26,Advance,False
X5342,,17175012.74,Due,False
X5349,,17175065.34,Advance,False
X5350,,17175070.53,Due,False
X5352,,17175084.32,Due,True
X5353,,17175092.23,Due,False
X5355,,17175099.77,Due,False
X5357,,17175936.55,Advance,False
X5358,,17175990.48,Advance,False
X5360,,17177573.46,Due,False
X5361,,17177578.15,Due,False
X5363,,17177588.41,Advance,False
X5367,,17177594.22,Due,False
X5368,,17177599.91,Due,False
X5369,,17177600.4,Due,False
X5372,,17181123.0,Due,False
X5377,,17181136.79,Due,False
X5387,,17183633.49,Due,False
X5389,,17183596.15,Advance,False
X5391,,17183285.8,Due,False
X5395,,17186641.49,Due,False
X5402,,17189632.16,Advance,False
X5403,,17189657.33,Advance,False
X5413,,17192290.26,Due,False
X5419,,17193149.7,Advance,False
X5423,,17193161.38,Advance,False
X5424,,17193250.67,Due,True
X5425,,17193254.84,Due,False
X5426,,17193255.48,Due,False
X5427,,17194025.67,Advance,False
X5428,,17194061.21,Due,False
X5429,,17194070.85,Due,True
X5430,,17195719.88,Due,False
X5434,,17195733.44,Advance,False
X5435,,17195735.65,Advance,False
X5438,,17199242.82,Due,True
X5439,,17266993.44,Due,False
X5440,,17199255.05,Due,False
X5442,,17199302.38,Due,False
X5443,,17199307.93,Due,False
X5446,,17199312.76,Due,False
X5447,,17199325.86,Advance,True
X5453,,17200478.71,Advance,False
X5454,,17200484.08,Advance,False
X5455,,17200486.02,Advance,False
X5456,,17200935.87,Advance,True
X5457,,17200502.06,Due,False
X5459,,17205259.41,Advance,True
X5469,,17201846.29,Advance,True
X5470,,17201847.58,Advance,True
X5471,,17204359.44,Advance,True
X5472,,17204360.86,Advance,True
X5473,,17204364.38,Advance,True
X5474,,17204372.01,Advance,True
X5475,,17204373.76,Due,True
X5478,,17204376.59,Due,True
X5484,,17205255.22,Advance,True
X5485,,17206112.45,Advance,True
X5492,,17206961.28,Advance,True
X5493,,17206980.03,Advance,True
X5499,,17207053.97,Due,True
X5500,,17207055.11,Advance,True
X5501,,17207056.16,Advance,True
X5503,,17207061.0,Advance,True
X5504,,17207062.73,Advance,True
X5505,,17207068.71,Due,True
X5506,,17207804.18,Advance,True
X5508,,17207867.66,Due,True
X5509,,17210583.14,Advance,True
X5510,,17210590.73,Advance,True
X5521,,17217456.71,Due,False
X5522,,17212271.98,Due,True
X5523,,17212278.95,Advance,True
X5524,,17212282.06,Due,True
X5525,,17212290.38,Due,True
X5526,,17212292.64,Due,True
X5527,,17212310.83,Due,True
X5528,,17213252.11,Due,True
X5535,,17213297.4,Due,True
X5541,,17213918.14,Due,True
X5548,,17217433.0,Due,True
X5550,,17217447.42,Advance,True
X5551,,17217463.56,Due,False
X5552,,17217465.32,Due,False
X5553,,17217466.57,Due,False
X5554,,17217467.85,Due,False
X5561,,17222548.32,Due,True
X5563,,17222561.58,Due,True
X5564,,17222622.59,Due,True
X5565,,17222636.02,Due,False
X5566,,17222648.85,Due,True
X5573,,17222695.51,Advance,True
X5574,,17223392.0,Due,False
X5575,,17223396.03,Due,True
X5576,,17223399.72,Advance,True
X5583,,17223912.97,Due,False
X5584,,17225129.95,Advance,True
X5593,,17228609.4,Due,True
X5594,,17229394.87,Due,True
X5595,,17229451.72,Due,True
X5596,,17229455.67,Advance,True
X5597,,17229458.42,Due,True
X5598,,17229462.05,Due,True
X5599,,17229505.24,Due,True
X5600,,17229517.68,Due,True
X5603,,17230281.62,Due,False
X5614,,17232088.59,Advance,True
X5615,,17232096.82,Due,True
X5616,,17232099.57,Due,True
X5617,,17232101.98,Advance,True
X5623,,17234614.61,Advance,True
X5624,,17234617.32,Advance,True
X5626,,17259773.52,Due,False
X5627,,17259774.94,Due,False
X5630,,17234692.74,Due,True
X5631,,17347035.58,Due,False
X5633,,17238101.89,Due,True
X5634,,17238104.92,Due,False
X5635,,17238118.34,Advance,True
X5636,,17238124.04,Advance,True
X5637,,17238125.01,Advance,True
X5638,,17238127.04,Advance,True
X5639,,17238129.44,Due,True
X5640,,17238131.68,Advance,True
X5643,,17238148.25,Due,True
X5646,,17238168.12,Advance,True
X5647,,17241496.38,Advance,True
X5648,,17241498.77,Due,True
X5649,,17241514.9,Due,True
X5653,,17244261.69,Due,False
X5654,,17244264.59,Due,False
X5655,,17244265.86,Due,False
X5658,,17244944.83,Advance,False
X5659,,17246700.94,Due,True
X5660,,17246705.51,Advance,True
X5661,,17261525.48,Advance,True
X5663,,17246808.87,Advance,True
X5664,,17247581.21,Advance,True
X5673,,17247685.26,Advance,True
X5675,,17249327.32,Advance,True
X5676,,17249329.26,Due,True
X5677,,17249331.43,Due,True
X5678,,17249337.52,Due,True
X5686,,17250234.57,Due,True
X5687,,17250245.77,Due,True
X5688,,17252760.04,Due,True
X5689,,17252764.31,Due,True
X5690,,17259778.89,Due,False
X5691,,17259779.78,Due,False
X5692,,17259781.71,Due,False
X5693,,17259780.84,Due,False
X5694,,17259772.78,Due,False
X5695,,17259771.77,Due,False
X5698,,17253708.01,Advance,True
X5699,,17253727.98,Due,True
X5700,,17253730.5,Due,True
X5706,,17255380.43,Due,True
X5707,,17255397.95,Advance,True
X5708,,17255401.82,Due,True
X5709,,17255407.98,Advance,True
X5712,,17255427.62,Due,True
X5713,,17255431.08,Due,False
X5714,,17266723.28,Due,True
X5715,,17259699.02,Advance,True
X5716,,17259702.47,Advance,True
X5717,,17259723.92,Due,False
X5718,,17259732.76,Due,True
X5726,,17266994.6,Due,False
X5727,,17261501.99,Due,True
X5728,,17259766.26,Advance,True
X5733,,17261410.92,Due,True
X5736,,17261436.96,Due,True
X5737,,17261438.04,Due,True
X5740,,17261451.81,Advance,True
X5741,,17261463.78,Due,True
X5742,,17261465.51,Due,True
X5743,,17266597.35,Due,False
X5744,,17261530.34,Advance,True
X5748,,17262257.76,Advance,True
X5749,,17262263.6,Due,True
X5750,,17262274.99,Due,False
X5751,,17262274.77,Due,False
X5752,,17262275.91,Due,False
X5753,,17262284.0,Due,True
X5755,,17265813.7,Due,True
X5756,,17265815.68,Due,True
X5758,,17265823.65,Due,True
X5760,,17266715.29,Due,True
X5761,,17266716.46,Advance,True
X5762,,17266720.62,Advance,True
X5763,,17266733.29,Due,False
X5764,,17266736.62,Due,False
X5765,,17266737.44,Due,False
X5768,,17271875.3,Due,True
X5769,,17268338.59,Advance,True
X5770,,17271783.92,Advance,True
X5775,,17268354.9,Due,True
X5782,,17270984.77,Advance,True
X5783,,17270988.45,Due,True
X5784,,17271830.93,Due,True
X5786,,17271869.64,Due,True
X5787,,17271872.85,Due,True
X5788,,17271874.34,Advance,True
X5803,,17274393.79,Advance,True
X5804,,17274395.98,Advance,True
X5805,,17274434.41,Advance,True
X5806,,17274435.38,Advance,True
X5807,,17274438.26,Due,False
X5808,,17274439.83,Advance,True
X5809,,17274442.05,Due,False
X5810,,17274446.26,Due,True
X5812,,17274455.57,Due,True
X5813,,17274463.77,Due,False
X5814,,17274464.99,Due,False
X5815,,17274465.41,Due,False
X5817,,17277003.88,Advance,True
X5819,,17277039.53,Due,True
X5824,,17277851.85,Due,False
X5825,,17278771.33,Due,False
X5827,,17278799.8,Due,False
X5831,,17280412.09,Advance,True
X5834,,17280428.8,Due,True
X5835,,17280434.56,Due,True
X5837,,17283884.41,Advance,True
X5839,,17283892.58,Advance,True
X5841,,17283941.6,Advance,True
X5851,,17284837.76,Due,True
X5852,,17284843.7,Advance,True
X5855,,17284952.48,Due,False
X5856,,17284956.23,Due,True
X5857,,17284958.72,Due,True
X5858,,17290888.37,Due,False
X5859,,17284976.21,Due,False
X5860,,17285699.03,Advance,True
X5864,,17286509.34,Due,True
X5865,,17286526.98,Due,True
X5872,,17289068.23,Advance,True
X5873,,17289074.89,Advance,True
X5874,,17289077.97,Due,True
X5875,,17289078.9,Due,True
X5880,,17290008.91,Due,True
X5882,,17290758.54,Advance,True
X5883,,17290761.34,Due,True
X5884,,17292492.05,Advance,True
X5885,,17292499.86,Due,True
X5886,,17292509.14,Advance,True
X5887,,17292514.21,Advance,True
X5888,,17292516.59,Advance,True
X5889,,17292524.2,Advance,True
X5890,,17292529.93,Due,True
X5892,,17292579.26,Due,True
X5893,,17295990.19,Due,False
X5894,,17295990.35,Due,False
X5895,,17292601.27,Due,False
X5905,,17295990.58,Due,False
X5906,,17296067.37,Due,True
X5912,,17297717.66,Advance,True
X5913,,17297723.82,Advance,True
X5918,,17297763.83,Advance,True
X5923,,17298072.61,Advance,True
X5924,,17298075.82,Advance,True
X5926,,17298080.64,Due,True
X5927,,17301126.04,Due,True
X5928,,17301128.48,Due,True
X5929,,17301151.38,Due,True
X5930,,17301156.94,Due,True
X5932,,17301238.55,Due,True
X5933,,17301250.73,Advance,True
X5936,,17301514.75,Due,True
X5937,,17301519.16,Due,True
X5939,,17301520.41,Due,True
X5940,,17304548.91,Advance,False
X5944,,17304656.43,Due,False
X5945,,17304660.25,Due,True
X5949,,17304714.88,Due,False
X5950,,17304716.04,Due,False
X5951,,17304725.18,Due,False
X5953,,17304752.4,Advance,False
X5955,,17307206.65,Due,True
X5957,,17309766.91,Due,True
X5958,,17307316.19,Due,False
X5960,,17308029.36,Advance,True
X5971,,17309198.56,Advance,True
X5972,,17309206.55,Due,True
X5973,,17309208.18,Advance,True
X5974,,17309213.95,Advance,True
X5975,,17309216.11,Due,True
X5976,,17309224.32,Due,True
X5977,,17309228.62,Due,True
X5978,,17309229.62,Due,False
X5986,,17311455.26,Due,True
X5987,,17311472.86,Due,True
X5988,,17311477.68,Advance,True
X5989,,17311484.33,Due,True
X5990,,17311486.18,Advance,True
X5992,,17313237.67,Advance,True
X5997,,17313272.34,Advance,True
X5998,,17313277.19,Due,True
X5999,,17313278.24,Due,True
X6000,,17326300.85,Due,True
X6001,,17313296.88,Due,True
X6002,,17313303.09,Advance,True
X6003,,17313311.47,Due,False
X6005,,17317097.47,Advance,False
X6006,,17317102.19,Due,False
X6007,,17317103.8,Due,True
X6009,,17317113.64,Due,False
X6011,,17317118.08,Due,False
X6015,,17317128.19,Due,False
X6021,,17317135.14,Advance,False
X6023,,17320994.73,Due,False
X6024,,17321000.21,Advance,False
X6025,,17321009.34,Advance,False
X6031,,17321042.85,Due,False
X6040,,17322770.05,Advance,False
X6041,,17322771.71,Advance,False
X6042,,17322773.88,Due,False
X6043,,17322775.65,Due,False
X6044,,17322777.0,Advance,False
X6045,,17322779.92,Due,False
X6047,,17323603.3,Due,True
X6048,,17323604.49,Advance,True
X6049,,17323607.73,Due,True
X6050,,17323619.37,Advance,True
X6051,,17326183.67,Advance,True
X6065,,17326277.13,Due,True
X6066,,17327178.34,Due,True
X6068,,17327185.81,Due,True
X6071,,17327933.39,Due,True
X6072,,17327938.92,Due,True
X6076,,17327983.61,Advance,True
X6082,,17328802.72,Due,True
X6083,,17328805.62,Advance,True
X6086,,17332239.94,Due,False
X6093,,17332264.97,Due,True
X6100,,17332349.93,Due,True
X6101,,17332351.78,Due,False
X6102,,17333081.62,Due,True
X6103,,17333091.06,Due,True
X6106,,17333126.92,Due,True
X6107,,17333130.61,Due,True
X6109,,17334893.4,Due,True
X6111,,17334900.6,Due,True
X6113,,17334913.67,Advance,True
X6114,,17334916.19,Advance,True
X6125,,17337421.69,Due,True
X6126,,17337431.91,Due,True
X6127,,17337430.79,Advance,True
X6128,,17337528.52,Advance,True
X6135,,17337595.06,Advance,True
X6136,,17337597.82,Advance,True
X6146,,17339251.61,Due,True
X6147,,17339255.7,Advance,True
X6148,,17339259.8,Advance,True
X6149,,17339262.13,Advance,True
X6152,,17339269.03,Due,False
X6153,,17339270.24,Due,False
X6154,,17339277.31,Advance,True
X6157,,17339290.66,Advance,True
X6158,,17340041.92,Due,True
X6159,,17340047.51,Advance,True
X6163,,17340056.35,Due,True
X6165,,17340918.49,Advance,True
X6166,,17340906.37,Advance,True
X6167,,17340909.24,Due,True
X6168,,17341673.87,Advance,True
X6169,,17340943.16,Due,True
X6171,,17341687.27,Advance,True
X6176,,17341729.37,Due,True
X6193,,17345342.61,Due,True
X6196,,17345455.77,Due,True
X6203,,17345508.95,Due,True
X6204,,17345513.48,Advance,True
X6363,,17416011.76,Due,False
X6373,,17391884.57,Due,False
X6374,,17393624.52,Advance,True
X6375,,17393686.9,Due,True
X6378,,17393693.31,Advance,True
X6380,,17393695.36,Advance,True
X6383,,17394450.86,Due,True
X6384,,17399606.5,Due,True
X6385,,17394464.1,Due,True
X6389,,17394493.89,Advance,True
X6390,,17394531.09,Advance,True
X6391,,17394533.32,Advance,True
X6392,,17394540.55,Advance,True
X6405,,17398733.33,Advance,True
X6406,,17398739.77,Advance,True
X6407,,17398741.42,Due,True
X6408,,17399669.78,Due,False
X6410,,17399837.59,Due,True
X6411,,17399839.85,Due,True
X6422,,17400593.06,Advance,True
X6424,,17400605.53,Due,True
X6426,,17401344.86,Advance,True
X6428,,17401365.75,Due,True
X6429,,17404903.42,Due,True
X6430,,17407465.39,Advance,True
X6435,,17407503.54,Advance,True
X6437,,17407511.66,Advance,True
X6439,,17411711.21,Due,True
X6449,,17411752.42,Due,True
X6453,,17411784.51,Due,True
X6454,,17411787.21,Due,True
X6457,,17412591.25,Advance,True
X6458,,17412598.77,Due,False
X6460,,17413470.92,Due,True
X6469,,17413535.56,Advance,True
X6470,,17413538.46,Advance,True
X6471,,17413551.91,Due,True
X6475,,17416073.93,Due,True
X6476,,17416078.55,Due,True
X6477,,17416089.87,Due,False
X6482,,17416897.33,Due,True
X6483,,17416898.15,Due,True
X6485,,17416906.19,Advance,True
X6486,,17416908.54,Advance,True
X6488,,17419547.63,Due,False
X6489,,17419552.73,Advance,True
X6499,,17425718.44,Due,True
X6511,,17423008.39,Due,True
X6512,,17423011.49,Due,False
X6513,,17423015.97,Due,True
X6514,,17423068.8,Due,True
X6515,,17424693.67,Advance,True
X6516,,17424700.38,Due,True
X6524,,17425617.28,Advance,True
X6529,,17428153.43,Advance,True
X6532,,17428178.4,Advance,True
X6534,,17428193.01,Advance,True
X6552,,17430781.25,Due,True
X6553,,17430824.37,Advance,True
X6561,,17434214.76,Advance,True
X6562,,17434218.94,Advance,True
X6563,,17434221.13,Advance,True
X6564,,17434226.41,Advance,True
X6565,,17434229.53,Due,True
X6577,,17435959.23,Advance,True
X6579,,17440311.3,Due,True
X6580,,17440317.42,Due,True
X6584,,17440322.82,Advance,True
X6585,,17440324.43,Advance,True
X6586,,17440327.27,Advance,True
X6587,,17440330.9,Due,True
X6588,,17440334.45,Advance,True
X6589,,17440341.29,Due,True
X6590,,17440342.42,Due,True
X6591,,17441141.3,Due,True
X6601,,17442815.41,Advance,True
X6602,,17442834.4,Advance,True
X6603,,17442837.15,Due,True
X6604,,17442839.72,Due,False
X6606,,17442854.79,Due,True
X6607,,17442906.7,Advance,True
X6612,,17442930.78,Advance,True
X6615,,17443725.38,Advance,True
X6616,,17443735.21,Due,True
X6618,,17446299.16,Advance,True
X6619,,17446305.2,Advance,True
X6631,,17447235.67,Advance,True
X6632,,17447242.65,Due,True
X6634,,17448070.6,Due,True
X6635,,17448077.7,Due,True
X6636,,17448082.58,Due,True
X6637,,17448116.25,Due,True
X6641,,17448979.85,Advance,True
X6642,,17448981.07,Due,True
X6643,,17448985.7,Due,True
X6649,,17449035.81,Advance,True
X6651,,17449041.38,Advance,True
X6664,,17453236.32,Advance,True
X6665,,17453270.19,Due,True
X6666,,17453273.16,Due,True
X6667,,17453274.71,Advance,True
X6669,,17453295.05,Due,True
X6670,,17453302.22,Due,True
X6671,,17453303.19,Due,True
X6674,,17454914.34,Advance,True
X6675,,17455069.44,Advance,True
X6677,,17455088.15,Advance,True
X6695,,17459292.12,Advance,True
X6696,,17459297.13,Advance,True
X6697,,17459313.1,Due,True
X6698,,17459314.74,Due,True
X6699,,17460111.37,Advance,False
X6701,,17460143.81,Advance,False
X6708,,17462009.77,Due,False
X6710,,17462034.92,Due,False
X6711,,17463507.83,Advance,False
X6712,,17464398.07,Advance,False
X6713,,17464409.73,Due,False
X6715,,17464417.7,Due,True
X6716,,17464422.92,Due,True
X6724,,17465336.77,Advance,False
X6725,,17466109.26,Due,False
X6727,,17467100.96,Advance,False
X6728,,17467940.16,Advance,False
X6729,,17467944.25,Advance,False
X6730,,17467946.52,Advance,False
X6749,,17471388.82,Due,False
X6750,,17471390.66,Due,False
X6751,,17471393.42,Advance,False
X6752,,17471395.49,Due,False
X6753,,17471396.8,Advance,False
X6754,,17471533.03,Due,False
X6755,,17472204.47,Due,False
X6756,,17472210.05,Due,False
X6757,,17472218.35,Advance,False
X6758,,17483427.22,Due,False
X6759,,17474144.99,Due,False
X6760,,17474147.16,Advance,False
X6770,,17476584.4,Due,False
X6771,,17476587.06,Advance,False
X6772,,17476589.15,Advance,False
X6773,,17476591.64,Due,False
X6774,,17476599.63,Due,False
X6775,,17476611.24,Advance,False
X6782,,17478251.34,Advance,False
X6783,,17478273.41,Advance,False
X6784,,17478276.14,Due,False
X6785,,17478367.6,Advance,False
X6787,,17480066.62,Due,False
X6791,,17479112.65,Advance,False
X6792,,17479552.18,Advance,False
X6796,,17480006.05,Due,False
X6799,,17480018.3,Due,False
X6800,,17480019.52,Due,False
X6801,,17480024.68,Advance,False
X6802,,17480034.55,Advance,False
X6804,,17480092.37,Advance,False
X6805,,17482556.18,Advance,False
X6806,,17482556.85,Advance,False
X6807,,17482557.21,Due,False
X6808,,17482558.01,Due,False
X6809,,17482572.94,Advance,False
X6818,,17483496.51,Advance,False
X6819,,17484353.96,Advance,False
X6820,,17484397.28,Due,False
X6821,,17484409.07,Due,False
X6822,,17484410.68,Due,False
X6823,,17484422.93,Advance,False
X6824,,17485198.62,Due,False
X6831,,17486031.07,Advance,False
X6839,,17486048.36,Due,False
X6840,,17486050.24,Due,False
X6841,,17486059.44,Due,False
X6842,,17486060.25,Due,False
X6844,,17486129.85,Due,False
X6845,,17486131.21,Advance,False
X6846,,17486136.59,Advance,False
X6859,,17490331.46,Due,False
X6861,,17490427.89,Advance,False
X6862,,17490438.65,Due,False
X6864,,17490444.55,Advance,False
X6865,,17490447.71,Due,False
X6867,,17490450.8,Due,False
X6868,,17490451.51,Advance,False
X6869,,17491226.92,Advance,False
X6870,,17491230.16,Advance,False
X6872,,17491254.17,Due,False
X6874,,17491259.75,Due,False
X6875,,17491265.25,Due,False
X6876,,17491267.9,Due,False
X6880,,17492111.64,Due,False
X6891,,17494644.95,Advance,False
X6898,,17495587.19,Due,False
X6899,,17497284.81,Advance,False
X6901,,17497290.62,Advance,False
X6903,,17497294.93,Due,False
X6908,,17498147.93,Advance,False
X6911,,17498163.06,Advance,False
X6913,,17498168.83,Advance,False
X6914,,17498205.57,Advance,False
X6915,,17498209.17,Advance,False
X6918,,17498218.83,Advance,False
X6919,,17500759.18,Due,False
X6920,,17500769.9,Advance,False
X6932,,17501627.2,Due,False
X6933,,17504199.89,Advance,False
X6935,,17504206.87,Due,False
X6944,,17504403.3,Due,False
X6945,,17504404.8,Advance,False
X6947,,17504409.44,Due,False
X6948,,17504418.82,Due,False
X6949,,17504426.26,Due,False
X6950,,17504434.11,Due,False
X6951,,17506969.46,Advance,False
X6952,,17506964.33,Advance,False
X6953,,17507600.25,Advance,False
X6954,,17507603.64,Advance,False
X6955,,17507604.68,Advance,False
X6956,,17507610.45,Advance,False
X6957,,17507612.27,Advance,False
X6958,,17507613.53,Advance,False
X6959,,17507615.6,Due,False
X6968,,17507667.19,Due,False
X6969,,17507669.34,Advance,False
X6970,,17507670.73,Advance,False
X6971,,17507673.41,Due,False
X6972,,17507674.89,Advance,False
X6973,,17507675.73,Due,False
X6974,,17507676.37,Due,False
X6975,,17507677.2,Due,False
X6976,,17508686.76,Due,False
X6977,,17508689.77,Due,False
X6978,,17509371.59,Due,False
X6979,,17509381.39,Advance,False
X6980,,17509399.13,Advance,False
X6981,,17509402.29,Advance,False
X6982,,17509403.92,Due,False
X6991,,17510294.1,Due,False
X6992,,17510298.88,Due,False
X6998,,17514572.74,Advance,False
X6999,,17514575.55,Advance,False
X7000,,17514581.48,Due,False
X7001,,17514593.79,Due,False
X7003,,17514598.27,Due,False
X7004,,17514604.43,Advance,False
X7005,,17514606.94,Due,False
X7006,,17514617.95,Due,False
X7007,,17514625.62,Due,False
X7008,,17514636.09,Due,False
X7009,,17515431.08,Due,False
X7010,,17515438.82,Advance,False
X7025,,17516282.74,Due,False
X7026,,17516509.62,Advance,False
X7027,,17516486.34,Advance,False
X7028,,17516487.73,Due,False
X7029,,17516505.82,Advance,False
X7030,,17516511.55,Advance,False
X7031,,17516513.14,Due,False
X7032,,17516514.44,Due,False
X7033,,17516515.72,Advance,False
X7036,,17519753.47,Due,False
X7038,,17519759.86,Due,False
X7039,,17519769.74,Due,False
X7040,,17519771.33,Due,False
X7047,,17519813.33,Advance,False
X7048,,17521512.5,Advance,False
X7050,,17521518.71,Advance,False
X7051,,17521519.51,Due,False
X7052,,17521520.72,Due,False
X7053,,17521522.84,Advance,False
X7054,,17521531.75,Due,False
X7055,,17521547.41,Advance,False
X7068,,17522429.26,Advance,False
X7069,,17522436.16,Advance,False
X7070,,17522433.48,Due,False
X7071,,17522437.15,Advance,False
X7072,,17522440.32,Advance,False
X7081,,17525870.89,Advance,False
X7082,,17525872.74,Advance,False
X7083,,17525876.86,Due,False
X7084,,17525879.8,Due,False
X7085,,17525882.48,Advance,False
X7086,,17525886.2,Advance,False
X7087,,17525889.56,Advance,False
X7088,,17525893.25,Due,False
X7089,,17527503.05,Advance,False
X7091,,17527511.06,Due,False
X7092,,17527514.56,Due,False
X7093,,17527517.54,Advance,False
X7094,,17527520.89,Advance,False
X7095,,17527527.09,Advance,False
X7096,,17527531.58,Advance,False
X7097,,17527534.45,Advance,False
X7098,,17527536.78,Advance,False
X7099,,17527598.92,Advance,False
X7100,,17528373.74,Advance,False
X7101,,17528376.04,Due,False
X7111,,17528453.22,Due,False
X7112,,17528455.7,Advance,False
X7113,,17531037.09,Due,False
X7114,,17531037.96,Due,False
X7115,,17531039.64,Due,False
X7116,,17531040.0,Due,False
X7117,,17531040.55,Due,False
X7133,,17543265.2,Due,False
X7134,,17531896.04,Advance,False
X7135,,17531901.55,Advance,False
X7136,,17533579.26,Advance,False
X7137,,17533582.14,Advance,False
X7138,,17533582.99,Due,False
X7139,,17533594.44,Due,False
X7142,,17533606.61,Due,False
X7143,,17533611.43,Due,False
X7144,,17533626.97,Due,False
X7145,,17533632.4,Due,False
X7146,,17533633.83,Advance,False
X7147,,17533635.81,Due,False
X7148,,17533652.58,Due,False
X7153,,17543265.04,Due,False
X7154,,17534538.38,Advance,False
X7155,,17534539.35,Due,False
X7156,,17548470.2,Due,False
X7157,,17534544.08,Advance,False
X7158,,17534547.35,Advance,False
X7159,,17534613.25,Advance,False
X7160,,17534617.62,Advance,False
X7161,,17534622.99,Advance,False
X7162,,17534624.87,Due,False
X7163,,17534640.66,Due,False
X7166,,17537216.28,Advance,False
X7167,,17537207.4,Due,False
X7168,,17537209.69,Due,False
X7169,,17576719.6,Due,False
X7171,,17537214.8,Advance,False
X7172,,17537218.45,Advance,False
X7173,,17537221.34,Advance,False
X7178,,17540504.46,Advance,False
X7186,,17540587.6,Advance,False
X7187,,17541367.67,Due,False
X7189,,17543197.55,Due,False
X7190,,17543208.45,Advance,False
X7191,,17543213.9,Due,False
X7192,,17543216.93,Advance,False
X7193,,17543242.0,Due,False
X7194,,17543258.41,Due,False
X7196,,17543267.5,Due,False
X7197,,17543271.31,Due,False
X7198,,17543272.72,Due,False
X7205,,17543891.47,Due,False
X7207,,17543918.74,Due,False
X7214,,17546144.44,Due,False
X7216,,17546146.42,Due,False
X7217,,17546147.26,Advance,False
X7218,,17546673.1,Due,False
X7219,,17546149.47,Due,False
X7221,,17546679.26,Due,False
X7222,,17546151.79,Due,False
X7223,,17546153.33,Due,False
X7225,,17546156.64,Due,False
X7228,,17546655.74,Advance,False
X7232,,17546667.42,Due,True
X7240,,17550997.77,Advance,False
X7241,,17580155.04,Due,False
X7244,,17555618.14,Advance,False
X7245,,17556389.83,Due,False
X7249,,17555623.83,Due,False
X7253,,17556450.15,Advance,False
X7254,,17556452.83,Advance,False
X7255,,17556454.89,Advance,False
X7256,,17556456.44,Due,False
X7257,,17556461.07,Advance,False
X7258,,17556463.99,Due,False
X7263,,17556520.0,Due,False
X7270,,17558199.7,Due,False
X7271,,17612480.0,Due,False
X7272,,17558204.22,Due,False
X7273,,17558207.5,Due,False
X7274,,17581196.61,Due,False
X7278,,17559389.64,Due,False
X7279,,17559392.27,Advance,False
X7281,,17559395.31,Due,False
X7284,,17559413.51,Due,False
X7285,,17561135.15,Advance,False
X7288,,17567957.55,Due,False
X7289,,17567958.92,Due,False
X7290,,17567961.77,Due,False
X7292,,17567964.02,Due,False
X7294,,17567965.75,Due,False
X7295,,17567967.39,Due,False
X7297,,17569667.41,Due,False
X7303,,17569709.46,Due,False
X7308,,17569714.81,Due,False
X7309,,17570288.03,Advance,False
X7310,,17570288.49,Due,False
X7311,,17694739.68,Due,False
X7312,,17570292.78,Due,False
X7313,,17570296.12,Due,False
X7314,,17570297.13,Due,False
X7315,,17570299.65,Due,False
X7316,,17570843.72,Advance,False
X7317,,17572854.13,Due,False
X7318,,17580148.63,Due,False
X7319,,17572858.71,Due,False
X7337,,17574861.84,Due,False
X7347,,17575448.04,Due,False
X7348,,17575449.04,Due,False
X7349,,17575450.02,Advance,False
X7350,,17575451.04,Advance,False
X7354,,17575454.67,Due,False
X7355,,17575455.7,Due,False
X7373,,17581044.45,Due,False
X7379,,17611758.18,Due,False
X7381,,17581179.39,Due,False
X7383,,17581181.82,Due,False
X7384,,17581248.6,Advance,False
X7385,,17581250.88,Due,False
X7386,,17581900.63,Due,False
X7387,,17581921.46,Due,False
X7388,,17581966.93,Due,False
X7391,,17582377.84,Due,False
X7394,,17582381.89,Due,False
X7395,,17582851.37,Advance,False
X7398,,17582385.97,Advance,False
X7401,,17582854.17,Due,False
X7405,,17586757.76,Due,False
X7406,,17586760.94,Due,False
X7407,,17586762.88,Due,False
X7408,,17586768.86,Advance,False
X7423,,17588537.82,Advance,False
X7429,,17588544.12,Due,False
X7430,,17588544.62,Due,False
X7431,,17588545.26,Due,False
X7432,,17603944.46,Due,False
X7433,,17588551.99,Due,False
X7434,,17588553.54,Due,True
X7435,,17588555.1,Due,False
X7436,,17588559.34,Advance,False
X7439,,17591883.74,Advance,False
X7440,,17591886.64,Advance,False
X7441,,17591890.32,Advance,False
X7442,,17591891.17,Due,False
X7447,,17593969.94,Due,False
X7448,,17593971.23,Due,False
X7449,,17593972.95,Due,False
X7450,,17593978.64,Due,False
X7451,,17593980.87,Due,False
X7453,,17612479.85,Due,False
X7454,,17594571.01,Due,False
X7455,,17597507.23,Advance,False
X7456,,17597513.21,Advance,False
X7457,,17597518.79,Due,False
X7458,,17597522.23,Due,False
X7459,,17597524.27,Advance,False
X7460,,17597526.64,Due,False
X7461,,17597542.35,Due,False
X7470,,17597597.94,Due,False
X7476,,17598761.29,Due,False
X7477,,17598775.99,Due,False
X7478,,17600500.92,Due,False
X7482,,17600464.76,Due,False
X7484,,17600481.97,Due,False
X7485,,17600483.25,Advance,False
X7488,,17601130.78,Advance,False
X7489,,17601132.05,Due,False
X7490,,17601133.45,Advance,False
X7491,,17601134.41,Due,False
X7492,,17601137.66,Due,False
X7496,,17601155.02,Due,False
X7497,,17603937.55,Advance,False
X7507,,17604772.28,Due,True
X7508,,17606267.34,Advance,False
X7514,,17611734.03,Advance,False
X7515,,17606275.82,Due,False
X7521,,17612474.38,Due,False
X7522,,17606916.89,Advance,False
X7523,,17606337.0,Due,False
X7525,,17606340.97,Due,False
X7526,,17606918.6,Due,False
X7527,,17606345.2,Due,False
X7530,,17606944.93,Due,False
X7531,,17611696.96,Due,False
X7532,,17611702.54,Advance,False
X7538,,17611729.08,Due,False
X7539,,17611731.66,Due,False
X7540,,17611740.05,Due,False
X7541,,17611740.87,Advance,False
X7542,,17611741.05,Due,False
X7543,,17612479.61,Due,False
X7544,,17612477.01,Due,False
X7549,,17612582.81,Due,False
X7551,,17613801.21,Advance,False
X7552,,17616003.14,Advance,False
X7553,,17616006.72,Due,False
X7554,,17616015.92,Due,False
X7555,,17616018.12,Due,False
X7558,,17616027.66,Due,False
X7559,,17616029.07,Due,False
X7560,,17616030.47,Due,False
X7561,,17616031.94,Due,False
X7562,,17616034.04,Due,False
X7568,,17616873.17,Advance,False
X7569,,17616883.99,Advance,False
X7570,,17616875.76,Due,False
X7571,,17616877.97,Due,False
X7572,,17616878.96,Due,False
X7573,,17616879.8,Due,False
X7575,,17643284.82,Due,False
X7576,,17618568.49,Advance,False
X7577,,17618570.61,Advance,False
X7578,,17622042.96,Due,False
X7587,,17622060.57,Due,False
X7588,,17622064.29,Advance,False
X7591,,17624371.62,Due,False
X7597,,17624107.34,Due,False
X7598,,17652358.53,Due,False
X7599,,17624234.16,Advance,False
X7605,,17658382.48,Advance,False
X7607,,17624265.55,Due,False
X7608,,17624370.52,Due,False
X7611,,17625364.88,Advance,False
X7612,,17624710.13,Due,False
X7616,,17624738.32,Due,False
X7619,,17624746.95,Due,False
X7620,,17625375.17,Advance,False
X7621,,17625379.41,Due,False
X7622,,17625392.27,Due,False
X7623,,17627330.03,Due,False
X7624,,17625404.38,Advance,False
X7627,,17625413.46,Advance,False
X7628,,17625415.74,Due,False
X7629,,17625418.75,Advance,False
X7633,,17627332.93,Due,False
X7634,,17627336.83,Due,False
X7635,,17636331.32,Due,False
X7636,,17627352.16,Due,False
X7638,,17754846.51,Advance,False
X7639,,17629006.72,Due,False
X7640,,17628135.84,Advance,False
X7643,,17629005.77,Due,False
X7645,,17629007.7,Advance,False
X7646,,17629010.03,Advance,False
X7648,,17629011.67,Due,False
X7649,,17629012.21,Due,False
X7657,,17633735.48,Due,False
X7658,,17633737.61,Due,False
X7659,,17633740.58,Due,False
X7660,,17633773.1,Due,False
X7661,,17634011.94,Due,False
X7662,,17634013.53,Due,False
X7663,,17634014.21,Due,False
X7664,,17636307.4,Due,False
X7665,,17636334.7,Due,False
X7667,,17636357.46,Due,False
X7668,,17636361.01,Advance,False
X7669,,17636377.87,Due,True
X7670,,17636379.63,Due,False
X7681,,17637404.24,Due,True
X7682,,17638043.64,Advance,False
X7683,,17638039.57,Advance,False
X7686,,17638084.29,Due,False
X7687,,17638085.73,Due,False
X7688,,17638091.82,Due,False
X7689,,17638095.2,Due,False
X7690,,17638097.36,Due,False
X7691,,17638098.83,Due,False
X7692,,17638099.56,Due,False
X7693,,17638105.72,Advance,False
X7694,,17638120.06,Due,False
X7695,,17638120.87,Due,False
X7696,,17652363.03,Advance,False
X7699,,17638137.93,Advance,False
X7700,,17638169.58,Advance,False
X7701,,17640204.19,Advance,False
X7706,,17640211.89,Due,False
X7711,,17641100.31,Advance,False
X7712,,17641101.57,Due,False
X7713,,17641102.76,Advance,False
X7722,,17642791.2,Due,False
X7723,,17642792.25,Advance,False
X7725,,17642795.45,Due,False
X7726,,17642797.79,Due,False
X7727,,17642799.37,Due,False
X7728,,17642801.38,Due,False
X7729,,17642802.33,Due,False
X7730,,17643274.13,Due,True
X7731,,17648062.0,Advance,False
X7732,,17643505.33,Due,False
X7733,,17643509.34,Advance,False
X7744,,17647171.4,Advance,False
X7746,,17647183.64,Due,True
X7747,,17647185.03,Due,False
X7748,,17647185.98,Advance,False
X7749,,17647187.2,Advance,False
X7750,,17647188.25,Due,False
X7751,,17647188.65,Due,False
X7752,,17647189.9,Due,False
X7753,,17648898.45,Due,False
X7760,,17648913.81,Due,False
X7761,,17652283.64,Advance,False
X7762,,17652285.31,Advance,False
X7763,,17652304.78,Advance,False
X7764,,17652308.0,Due,False
X7765,,17652309.88,Due,False
X7768,,17652326.25,Due,False
X7780,,17652365.77,Due,False
X7781,,17652366.22,Due,False
X7782,,17652369.37,Due,False
X7783,,17653191.1,Due,False
X7790,,17655380.61,Due,False
X7795,,17655468.21,Advance,False
X7796,,17655502.61,Due,False
X7797,,17655506.09,Due,False
X7798,,17655513.04,Due,False
X7799,,17658381.92,Advance,True
X7800,,17658388.17,Due,False
X7801,,17658401.57,Advance,False
X7802,,17658404.33,Due,False
X7803,,17658406.18,Due,True
X7813,,17658425.07,Due,False
X7814,,17664162.33,Due,False
X7815,,17658427.03,Advance,False
X7816,,17658427.73,Advance,False
X7817,,17658429.33,Advance,False
X7820,,17658432.65,Due,False
X7822,,17658959.63,Advance,False
X7823,,17659248.79,Advance,False
X7824,,17659256.26,Advance,False
X7825,,17659257.37,Due,False
X7826,,17659260.35,Due,False
X7827,,17659265.33,Advance,False
X7828,,17659267.67,Advance,False
X7829,,17659276.41,Due,False
X7830,,17660087.7,Due,False
X7831,,17660089.92,Due,False
X7832,,17660109.66,Advance,False
X7840,,17661014.48,Due,False
X7841,,17768654.18,Due,False
X7843,,17661023.11,Due,False
X7844,,17661023.89,Advance,False
X7845,,17661026.03,Advance,False
X7848,,17664112.3,Due,False
X7849,,17664117.13,Due,False
X7850,,17664118.56,Advance,False
X7851,,17664121.56,Advance,False
X7853,,17664137.82,Due,False
X7856,,17664339.14,Advance,False
X7857,,17664854.9,Due,True
X7858,,17664857.69,Due,False
X7863,,17665345.39,Due,False
X7864,,17665346.18,Advance,False
X7865,,17665346.74,Due,False
X7866,,17667484.39,Advance,False
X7868,,17667492.54,Due,False
X7869,,17667494.45,Due,False
X7870,,17667495.93,Due,False
X7871,,17667525.89,Due,True
X7873,,17683474.49,Due,False
X7874,,17683475.69,Due,False
X7875,,17683477.39,Due,False
X7876,,17683478.15,Advance,False
X7877,,17683479.09,Due,False
X7878,,17683482.24,Due,False
X7879,,17683483.67,Due,False
X7880,,17683484.56,Due,False
X7881,,17684318.41,Advance,False
X7882,,17684343.39,Due,False
X7883,,17684345.92,Due,False
X7884,,17684352.45,Due,False
X7885,,17684352.74,Due,False
X7886,,17684353.08,Due,False
X7887,,17684354.22,Advance,False
X7888,,17684355.99,Due,False
X7890,,17685204.08,Due,False
X7895,,17688663.64,Advance,False
X7896,,17688689.34,Due,False
X7897,,17688708.05,Due,False
X7899,,17688707.95,Due,False
X7900,,17688709.56,Due,False
X7901,,17688712.59,Due,False
X7912,,17689775.32,Due,False
X7913,,17689778.68,Advance,False
X7914,,17689783.26,Advance,False
X7915,,17689785.48,Due,False
X7924,,17694261.65,Advance,False
X7925,,17694263.42,Advance,False
X7926,,17694283.1,Due,False
X7927,,17694285.72,Due,False
X7928,,17694659.43,Due,False
X7929,,17694297.08,Due,False
X7930,,17694301.09,Due,False
X7931,,17694304.95,Advance,False
X7932,,17694307.24,Due,False
X7933,,17694661.77,Due,False
X7934,,17694669.0,Due,False
X7935,,17694669.86,Due,False
X7944,,17694693.73,Due,False
X7945,,17694708.68,Due,False
X7946,,17703010.04,Due,False
X7947,,17697662.73,Due,False
X7948,,17697667.48,Due,False
X7954,,17700471.2,Due,False
X7955,,17701281.55,Due,False
X7959,,17701330.35,Advance,False
X7962,,17701335.51,Due,False
X7963,,17701338.53,Advance,False
X7964,,17701341.1,Due,False
X7965,,17701342.43,Due,False
X7966,,17701343.92,Due,False
X7968,,17701471.44,Advance,False
X7969,,17701482.06,Due,False
X7971,,17701561.38,Due,False
X7972,,17703014.17,Due,False
X7973,,17703014.82,Due,False
X7974,,17703022.69,Due,False
X7975,,17703026.65,Due,False
X7977,,17703040.03,Due,False
X7979,,17703057.3,Due,False
X7987,,17706789.21,Due,False
X7988,,17706798.7,Due,False
X7989,,17706805.23,Due,False
X7990,,17706807.03,Due,False
X7991,,17706810.28,Due,False
X7992,,17706811.41,Due,False
X7993,,17706812.22,Due,False
X7996,,17706824.11,Due,False
X7997,,17706825.28,Advance,False
X8000,,17707648.3,Due,False
X8002,,17707653.8,Due,False
X8003,,17707654.7,Due,False
X8004,,17707655.21,Due,False
X8005,,17709798.28,Advance,False
X8006,,17709935.81,Due,False
X8011,,17709889.08,Advance,False
X8013,,17709928.79,Advance,False
X8014,,17709932.14,Due,False
X8016,,17709935.21,Due,False
X8018,,17709981.06,Advance,False
X8020,,17714453.62,Advance,False
X8022,,17712065.77,Due,False
X8023,,17712066.2,Due,False
X8024,,17712067.11,Due,False
X8025,,17715416.89,Due,False
X8026,,17714450.02,Due,False
X8027,,17714456.89,Due,False
X8028,,17714462.3,Due,False
X8029,,17714506.2,Due,False
X8030,,17714507.49,Due,False
X8031,,17715401.85,Advance,False
X8046,,17720212.27,Due,False
X8047,,17720220.11,Advance,False
X8048,,17721124.88,Due,True
X8049,,17721129.0,Advance,False
X8050,,17721137.03,Due,False
X8051,,17724505.28,Due,False
X8053,,17724524.64,Due,False
X8055,,17724538.96,Due,False
X8056,,17724547.06,Advance,False
X8057,,17724553.96,Due,True
X8058,,17724558.78,Due,False
X8065,,17724693.95,Due,False
X8069,,17724725.94,Due,False
X8070,,17724728.04,Due,False
X8071,,17724788.98,Due,False
X8072,,17725361.15,Advance,False
X8073,,17725386.24,Advance,False
X8074,,17725426.13,Advance,False
X8075,,17725426.74,Due,False
X8077,,17726252.18,Due,False
X8078,,17726282.69,Due,False
X8079,,17726296.82,Advance,False
X8080,,17726308.18,Advance,False
X8081,,17726327.0,Advance,False
X8086,,17727163.16,Due,False
X8087,,17728000.4,Due,False
X8088,,17728003.95,Due,False
X8089,,17728009.56,Due,False
X8090,,17730569.82,Due,False
X8091,,17730573.2,Due,False
X8092,,17730574.05,Due,False
X8093,,17730577.26,Advance,False
X8094,,17730580.7,Due,False
X8095,,17730581.64,Due,False
X8096,,17731415.59,Due,False
X8098,,17731454.72,Due,False
X8099,,17731460.46,Advance,False
X8100,,17731467.42,Due,False
X8101,,17731516.85,Due,False
X8102,,17732229.23,Advance,False
X8103,,17732235.37,Advance,False
X8104,,17732258.15,Due,False
X8105,,17732368.28,Due,False
X8106,,17734008.07,Due,False
X8108,,17734015.75,Advance,False
X8110,,17734019.83,Due,False
X8111,,17736576.13,Due,False
X8112,,17736588.81,Due,False
X8113,,17736593.17,Due,False
X8114,,17736606.76,Due,False
X8115,,17736610.38,Advance,False
X8116,,17736612.78,Advance,False
X8117,,17737551.37,Due,True
X8118,,17738323.18,Advance,False
X8119,,17738326.36,Due,False
X8120,,17738328.36,Due,False
X8121,,17738330.38,Due,False
X8122,,17738359.88,Due,False
X8123,,17738371.23,Advance,False
X8124,,17738372.44,Due,False
X8125,,17738433.26,Due,False
X8126,,17738435.31,Advance,False
X8127,,17738438.49,Due,False
X8128,,17738440.53,Due,False
X8129,,17740143.1,Advance,False
X8130,,17740138.73,Advance,False
X8131,,17740128.86,Advance,False
X8132,,17740150.19,Due,False
X8133,,17742590.9,Due,False
X8135,,17744342.08,Advance,False
X8136,,17744346.22,Advance,False
X8137,,17744374.52,Advance,False
X8138,,17744377.82,Advance,False
X8139,,17744384.16,Advance,False
X8140,,17744392.02,Advance,False
X8141,,17744395.05,Due,False
X8142,,17744402.53,Due,False
X8143,,17744411.45,Due,False
X8144,,17744412.98,Due,False
X8145,,17744414.77,Due,False
X8146,,17746112.04,Due,False
X8147,,17746136.21,Due,False
X8148,,17746147.44,Due,False
X8149,,17746193.42,Due,False
X8150,,17746196.12,Due,False
X8151,,17746197.49,Due,False
X8153,,17748765.61,Advance,False
X8154,,17748862.81,Advance,False
X8155,,17748866.21,Advance,False
X8156,,17748870.32,Due,False
X8157,,17748873.5,Advance,False
X8158,,17748875.65,Advance,False
X8160,,17748887.23,Advance,False
X8161,,17748889.02,Advance,False
X8162,,17748890.72,Advance,False
X8163,,17748893.34,Due,False
X8164,,17748916.81,Due,False
X8165,,17748924.06,Due,False
X8166,,17748924.68,Due,False
X8167,,17751356.73,Due,False
X8168,,17751369.04,Advance,False
X8169,,17751381.06,Advance,False
X8170,,17751384.68,Advance,False
X8171,,17752215.83,Advance,False
X8172,,17752218.26,Due,False
X8173,,17752221.58,Due,False
X8174,,17752224.81,Due,False
X8175,,17752237.84,Due,False
X8176,,17752245.14,Advance,False
X8177,,17754726.48,Due,False
X8178,,17755635.19,Due,False
X8181,,17755645.88,Advance,False
X8182,,17755648.69,Due,False
X8184,,17757316.71,Due,False
X8185,,17757320.85,Due,False
X8186,,17757321.67,Due,False
X8187,,17761634.1,Due,False
X8188,,17757348.42,Due,False
X8189,,17757356.41,Due,False
X8190,,17757420.64,Due,False
X8193,,17758262.03,Advance,False
X8196,,17758318.89,Due,False
X8197,,17760806.74,Advance,False
X8198,,17760811.06,Due,False
X8204,,17760885.18,Due,False
X8205,,17760897.01,Due,False
X8206,,17767694.15,Advance,False
X8207,,17786249.1,Advance,False
X8209,,17761635.12,Due,False
X8210,,17761710.59,Advance,False
X8211,,17761722.6,Due,False
X8214,,17762504.65,Due,False
X8215,,17762507.91,Advance,False
X8223,,17762697.13,Advance,False
X8225,,17763496.92,Due,False
X8234,,17767655.22,Due,False
X8235,,17767666.63,Due,False
X8236,,17767671.96,Advance,False
X8237,,17767677.64,Due,False
X8238,,17767682.18,Due,False
X8239,,17767685.52,Due,False
X8240,,17767714.78,Advance,False
X8245,,17767787.68,Advance,False
X8247,,17768538.06,Due,False
X8248,,17768554.78,Advance,False
X8252,,17768585.62,Advance,False
X8253,,17768614.93,Due,False
X8261,,17770250.5,Advance,False
X8262,,17770254.23,Due,False
X8263,,17770258.81,Due,False
X8266,,17771156.17,Advance,False
X8267,,17772981.85,Advance,False
X8268,,17772988.7,Advance,False
X8271,,17774610.91,Due,False
X8272,,17774614.87,Due,False
X8279,,17774683.46,Advance,False
X8280,,17774697.46,Due,False
X8281,,17774712.49,Due,False
X8285,,17774743.48,Due,False
X8287,,17774748.66,Advance,False
X8288,,17775446.6,Due,False
X8290,,17775461.66,Due,False
X8291,,17775474.79,Due,False
X8294,,17779759.5,Advance,False
X8295,,17779777.29,Due,False
X8296,,17780669.03,Advance,False
X8297,,17779778.86,Due,False
X8298,,17779780.08,Advance,False
X8299,,17779797.85,Due,False
X8300,,17779800.75,Due,False
X8301,,17779801.77,Due,False
X8308,,17779901.54,Advance,False
X8309,,17779902.32,Due,False
X8312,,17779918.2,Advance,False
X8316,,17780773.33,Due,False
X8317,,17780781.8,Due,False
X8324,,17782444.74,Advance,False
X8330,,17782496.45,Advance,False
X8331,,17784949.21,Advance,False
X8334,,17786668.46,Due,False
X8335,,17786660.5,Due,False
X8338,,17786665.99,Due,False
X8344,,17786810.11,Due,False
X8345,,17786814.01,Due,False
